machine_id,machine_name,ts_cambio,piezas_hasta_cambio,scrap_hasta_cambio,duracion_cambio_min,ops_hasta_cambio
21,Talladora21 LUK3,2025-01-29 08:42:00,9444.0,8.0,19.0,37.0
21,Talladora21 LUK3,2025-01-29 09:26:00,0.0,0.0,32.0,1.0
21,Talladora21 LUK3,2025-01-31 13:24:00,3250.0,0.0,39.0,11.0
21,Talladora21 LUK3,2025-02-06 11:14:00,3921.0,6.0,26.0,16.0
21,Talladora21 LUK3,2025-02-12 08:53:00,3984.0,0.0,25.0,15.0
21,Talladora21 LUK3,2025-02-13 00:20:00,968.0,0.0,22.0,5.0
21,Talladora21 LUK3,2025-02-25 11:46:00,6872.0,0.0,30.0,38.0
21,Talladora21 LUK3,2025-03-05 23:52:00,2327.0,3.0,28.0,18.0
21,Talladora21 LUK3,2025-03-14 06:04:00,2200.0,0.0,23.0,9.0
21,Talladora21 LUK3,2025-03-18 12:57:00,968.0,44.0,20.0,12.0
21,Talladora21 LUK3,2025-03-25 03:39:00,4180.0,0.0,67.0,23.0
21,Talladora21 LUK3,2025-03-27 10:42:00,2204.0,0.0,75.0,13.0
21,Talladora21 LUK3,2025-04-01 00:42:00,2727.0,1.0,14.0,15.0
21,Talladora21 LUK3,2025-04-07 11:42:00,3887.0,1.0,18.0,32.0
21,Talladora21 LUK3,2025-04-16 13:07:00,2304.0,1.0,25.0,25.0
21,Talladora21 LUK3,2025-05-05 14:01:00,4703.0,71.0,46.0,32.0
21,Talladora21 LUK3,2025-05-07 13:24:00,1034.0,0.0,35.0,10.0
21,Talladora21 LUK3,2025-05-07 14:00:00,433.0,7.0,14.0,2.0
21,Talladora21 LUK3,2025-05-09 04:47:00,1650.0,0.0,11.0,7.0
21,Talladora21 LUK3,2025-05-13 20:26:00,3080.0,0.0,27.0,10.0
21,Talladora21 LUK3,2025-05-15 20:17:00,3409.0,1.0,9.0,12.0
21,Talladora21 LUK3,2025-05-19 13:16:00,1708.0,8.0,41.0,5.0
21,Talladora21 LUK3,2025-05-19 14:23:00,394.0,2.0,54.0,2.0
21,Talladora21 LUK3,2025-05-21 21:07:00,2244.0,0.0,36.0,12.0
21,Talladora21 LUK3,2025-05-26 17:21:00,2837.0,1.0,34.0,13.0
21,Talladora21 LUK3,2025-05-29 10:52:00,2288.0,0.0,192.0,13.0
21,Talladora21 LUK3,2025-05-29 14:04:00,168.0,8.0,195.0,2.0
21,Talladora21 LUK3,2025-05-30 12:55:00,804.0,0.0,64.0,6.0
21,Talladora21 LUK3,2025-06-03 19:48:00,2926.0,0.0,23.0,12.0
21,Talladora21 LUK3,2025-06-05 17:30:00,2574.0,0.0,24.0,9.0
21,Talladora21 LUK3,2025-06-10 12:51:00,2728.0,0.0,24.0,12.0
21,Talladora21 LUK3,2025-06-16 10:39:00,3369.0,4.0,61.0,19.0
21,Talladora21 LUK3,2025-06-18 13:45:00,1716.0,0.0,15.0,13.0
21,Talladora21 LUK3,2025-06-18 14:00:00,79.0,9.0,12.0,2.0
21,Talladora21 LUK3,2025-06-30 22:57:00,6564.0,28.0,16.0,37.0
21,Talladora21 LUK3,2025-07-04 07:23:00,4217.0,10.0,33.0,20.0
21,Talladora21 LUK3,2025-07-10 01:18:00,3097.0,8.0,74.0,14.0
21,Talladora21 LUK3,2025-07-28 00:35:00,2642.0,2.0,25.0,14.0
21,Talladora21 LUK3,2025-08-22 13:17:00,7467.0,95.0,31.0,33.0
21,Talladora21 LUK3,2025-08-28 13:12:00,2662.0,19.0,48.0,14.0
40,Talladora40 LUK1,2025-01-07 07:37:00,195.0,0.0,85.0,2.0
40,Talladora40 LUK1,2025-01-09 20:37:00,1485.0,15.0,70.0,11.0
40,Talladora40 LUK1,2025-01-10 06:08:00,270.0,0.0,59.0,2.0
40,Talladora40 LUK1,2025-01-14 12:28:00,1095.0,30.0,28.0,9.0
40,Talladora40 LUK1,2025-01-19 22:00:00,1785.0,45.0,89.0,9.0
40,Talladora40 LUK1,2025-01-21 19:01:00,683.0,22.0,43.0,3.0
40,Talladora40 LUK1,2025-01-27 02:51:00,2049.0,1.0,35.0,10.0
40,Talladora40 LUK1,2025-01-30 08:08:00,2311.0,4.0,43.0,12.0
40,Talladora40 LUK1,2025-02-05 10:23:00,2007.0,3.0,24.0,12.0
40,Talladora40 LUK1,2025-02-07 01:55:00,612.0,3.0,37.0,4.0
40,Talladora40 LUK1,2025-02-12 19:04:00,1111.0,29.0,36.0,7.0
40,Talladora40 LUK1,2025-02-18 16:23:00,1499.0,16.0,49.0,11.0
40,Talladora40 LUK1,2025-02-19 16:34:00,720.0,0.0,29.0,5.0
40,Talladora40 LUK1,2025-02-21 12:38:00,1122.0,3.0,4.0,6.0
40,Talladora40 LUK1,2025-02-21 13:38:00,0.0,0.0,8.0,2.0
40,Talladora40 LUK1,2025-02-27 20:52:00,1586.0,19.0,71.0,15.0
40,Talladora40 LUK1,2025-03-03 12:21:00,697.0,38.0,99.0,11.0
40,Talladora40 LUK1,2025-03-07 13:05:00,2269.0,11.0,46.0,13.0
40,Talladora40 LUK1,2025-03-13 05:26:00,2310.0,0.0,31.0,17.0
40,Talladora40 LUK1,2025-03-13 05:57:00,330.0,0.0,44.0,2.0
40,Talladora40 LUK1,2025-03-17 11:05:00,1425.0,15.0,21.0,14.0
40,Talladora40 LUK1,2025-03-17 12:41:00,0.0,0.0,25.0,1.0
40,Talladora40 LUK1,2025-03-17 19:26:00,195.0,0.0,33.0,2.0
40,Talladora40 LUK1,2025-03-20 15:57:00,1920.0,15.0,101.0,22.0
40,Talladora40 LUK1,2025-03-24 17:19:00,1344.0,6.0,42.0,13.0
40,Talladora40 LUK1,2025-03-26 07:24:00,1272.0,3.0,100.0,13.0
40,Talladora40 LUK1,2025-04-08 17:19:00,1315.0,35.0,92.0,19.0
40,Talladora40 LUK1,2025-04-08 19:40:00,0.0,0.0,39.0,1.0
40,Talladora40 LUK1,2025-04-08 21:09:00,0.0,0.0,25.0,1.0
40,Talladora40 LUK1,2025-04-09 11:27:00,489.0,6.0,51.0,4.0
40,Talladora40 LUK1,2025-04-09 14:56:00,24.0,6.0,99.0,3.0
40,Talladora40 LUK1,2025-04-14 19:04:00,898.0,17.0,21.0,8.0
40,Talladora40 LUK1,2025-04-22 04:04:00,607.0,23.0,55.0,6.0
40,Talladora40 LUK1,2025-04-25 09:53:00,373.0,32.0,5.0,4.0
40,Talladora40 LUK1,2025-04-29 15:23:00,675.0,0.0,71.0,6.0
40,Talladora40 LUK1,2025-07-04 16:16:00,852.0,17.0,67.0,7.0
44,Talladora44 LUK2,2025-01-24 08:50:00,3962.0,91.0,1.0,40.0
44,Talladora44 LUK2,2025-02-10 18:25:00,3804.0,86.0,30.0,47.0
44,Talladora44 LUK2,2025-02-18 04:31:00,2474.0,36.0,37.0,36.0
44,Talladora44 LUK2,2025-02-25 02:10:00,2526.0,20.0,2.0,31.0
44,Talladora44 LUK2,2025-02-27 11:13:00,1530.0,17.0,36.0,14.0
44,Talladora44 LUK2,2025-03-17 10:15:00,3446.0,55.0,1.0,35.0
44,Talladora44 LUK2,2025-03-17 10:35:00,0.0,0.0,32.0,1.0
44,Talladora44 LUK2,2025-03-27 16:28:00,2708.0,34.0,6.0,37.0
44,Talladora44 LUK2,2025-04-02 04:12:00,2485.0,17.0,2.0,22.0
44,Talladora44 LUK2,2025-04-02 04:31:00,0.0,0.0,30.0,1.0
44,Talladora44 LUK2,2025-04-04 07:29:00,1090.0,0.0,7.0,33.0
44,Talladora44 LUK2,2025-04-04 07:37:00,0.0,0.0,24.0,1.0
44,Talladora44 LUK2,2025-04-08 00:46:00,826.0,0.0,21.0,18.0
44,Talladora44 LUK2,2025-04-10 00:08:00,1373.0,33.0,55.0,22.0
44,Talladora44 LUK2,2025-04-14 16:38:00,1444.0,35.0,37.0,8.0
44,Talladora44 LUK2,2025-04-30 10:43:00,5257.0,152.0,34.0,45.0
44,Talladora44 LUK2,2025-05-06 23:01:00,1616.0,0.0,37.0,13.0
44,Talladora44 LUK2,2025-05-20 08:32:00,5168.0,58.0,45.0,56.0
44,Talladora44 LUK2,2025-05-20 10:38:00,0.0,0.0,20.0,1.0
44,Talladora44 LUK2,2025-05-26 14:36:00,2474.0,34.0,11.0,23.0
44,Talladora44 LUK2,2025-06-02 10:18:00,3685.0,39.0,14.0,37.0
44,Talladora44 LUK2,2025-06-05 11:35:00,2594.0,2.0,7.0,21.0
44,Talladora44 LUK2,2025-06-05 12:01:00,0.0,0.0,29.0,1.0
44,Talladora44 LUK2,2025-06-10 00:51:00,1769.0,16.0,5.0,20.0
44,Talladora44 LUK2,2025-06-12 14:15:00,1699.0,1.0,25.0,17.0
44,Talladora44 LUK2,2025-06-17 09:57:00,1801.0,1.0,45.0,16.0
44,Talladora44 LUK2,2025-06-23 08:15:00,3934.0,44.0,20.0,26.0
44,Talladora44 LUK2,2025-06-25 04:30:00,2552.0,0.0,41.0,9.0
44,Talladora44 LUK2,2025-06-27 08:28:00,3679.0,4.0,23.0,13.0
44,Talladora44 LUK2,2025-07-01 22:58:00,3944.0,29.0,2.0,10.0
44,Talladora44 LUK2,2025-07-04 06:32:00,3010.0,6.0,21.0,11.0
44,Talladora44 LUK2,2025-07-04 06:53:00,0.0,0.0,130.0,1.0
44,Talladora44 LUK2,2025-07-15 09:54:00,2957.0,5.0,20.0,23.0
44,Talladora44 LUK2,2025-07-16 06:19:00,493.0,17.0,9.0,4.0
44,Talladora44 LUK2,2025-07-18 12:07:00,1190.0,0.0,1.0,8.0
44,Talladora44 LUK2,2025-07-18 12:27:00,0.0,0.0,0.0,1.0
44,Talladora44 LUK2,2025-07-18 12:27:00,0.0,0.0,21.0,1.0
44,Talladora44 LUK2,2025-08-05 09:33:00,1598.0,17.0,8.0,11.0
44,Talladora44 LUK2,2025-08-07 05:16:00,1037.0,0.0,22.0,5.0
44,Talladora44 LUK2,2025-08-22 09:59:00,2213.0,14.0,5.0,14.0
44,Talladora44 LUK2,2025-08-22 10:24:00,0.0,0.0,59.0,1.0
44,Talladora44 LUK2,2025-08-29 02:50:00,2116.0,43.0,2.0,24.0
44,Talladora44 LUK2,2025-08-29 03:09:00,0.0,0.0,53.0,1.0
44,Talladora44 LUK2,2025-09-01 04:24:00,544.0,0.0,79.0,6.0
47,Talladora47,2025-01-10 14:17:00,1324.0,53.0,36.0,8.0
47,Talladora47,2025-01-14 11:14:00,2132.0,1.0,47.0,17.0
47,Talladora47,2025-03-10 22:01:00,3861.0,27.0,44.0,21.0
47,Talladora47,2025-03-10 23:56:00,0.0,0.0,35.0,1.0
47,Talladora47,2025-03-14 03:03:00,2754.0,0.0,18.0,12.0
47,Talladora47,2025-03-17 23:44:00,2075.0,4.0,36.0,8.0
47,Talladora47,2025-03-19 01:15:00,1345.0,5.0,28.0,8.0
47,Talladora47,2025-04-23 00:23:00,5928.0,21.0,15.0,37.0
47,Talladora47,2025-04-29 09:37:00,2157.0,3.0,35.0,15.0
47,Talladora47,2025-05-05 23:05:00,3017.0,7.0,43.0,17.0
47,Talladora47,2025-05-14 15:16:00,5433.0,3.0,33.0,34.0
47,Talladora47,2025-06-13 16:36:00,2786.0,7.0,53.0,21.0
47,Talladora47,2025-06-23 17:45:00,4847.0,13.0,47.0,20.0
47,Talladora47,2025-08-31 22:02:00,7477.0,65.0,46.0,53.0
48,Talladora CNC 48,2025-01-22 05:31:00,123785.0,145.0,24.0,106.0
48,Talladora CNC 48,2025-01-24 02:51:00,33660.0,0.0,0.0,19.0
48,Talladora CNC 48,2025-01-24 03:08:00,0.0,0.0,61.0,1.0
48,Talladora CNC 48,2025-01-31 00:32:00,65298.0,32.0,29.0,26.0
48,Talladora CNC 48,2025-02-04 15:11:00,22705.0,15.0,32.0,9.0
48,Talladora CNC 48,2025-02-12 04:23:00,74042.0,88.0,49.0,35.0
48,Talladora CNC 48,2025-02-13 20:54:00,22265.0,13.0,39.0,14.0
48,Talladora CNC 48,2025-02-24 14:01:00,110995.0,35.0,20.0,34.0
48,Talladora CNC 48,2025-02-26 13:59:00,36820.0,0.0,32.0,17.0
48,Talladora CNC 48,2025-02-28 02:29:00,20000.0,0.0,25.0,8.0
48,Talladora CNC 48,2025-02-28 16:14:00,13118.0,2.0,18.0,3.0
48,Talladora CNC 48,2025-03-06 09:34:00,55863.0,37.0,20.0,22.0
48,Talladora CNC 48,2025-03-10 21:18:00,37465.0,5.0,17.0,10.0
48,Talladora CNC 48,2025-03-14 02:20:00,42690.0,0.0,17.0,21.0
48,Talladora CNC 48,2025-03-21 12:46:00,87019.0,31.0,3.0,31.0
48,Talladora CNC 48,2025-03-21 12:51:00,0.0,0.0,15.0,1.0
48,Talladora CNC 48,2025-03-26 00:16:00,45318.0,2.0,30.0,13.0
48,Talladora CNC 48,2025-03-27 08:02:00,28000.0,0.0,17.0,7.0
48,Talladora CNC 48,2025-04-08 16:24:00,152490.0,190.0,16.0,45.0
48,Talladora CNC 48,2025-04-15 22:27:00,90490.0,89.0,7.0,41.0
48,Talladora CNC 48,2025-04-23 12:22:00,23937.0,13.0,25.0,12.0
48,Talladora CNC 48,2025-04-25 12:11:00,21200.0,0.0,27.0,11.0
48,Talladora CNC 48,2025-05-08 07:28:00,90093.0,27.0,13.0,36.0
48,Talladora CNC 48,2025-05-23 02:30:00,182286.0,94.0,18.0,60.0
48,Talladora CNC 48,2025-05-27 07:20:00,37400.0,0.0,14.0,12.0
48,Talladora CNC 48,2025-06-02 23:32:00,89419.0,51.0,11.0,28.0
48,Talladora CNC 48,2025-06-05 14:06:00,50772.0,8.0,9.0,14.0
48,Talladora CNC 48,2025-06-18 22:45:00,125009.0,58.0,23.0,62.0
48,Talladora CNC 48,2025-06-20 08:06:00,16040.0,0.0,15.0,10.0
48,Talladora CNC 48,2025-06-25 15:25:00,51554.0,6.0,14.0,23.0
48,Talladora CNC 48,2025-07-01 04:57:00,40300.0,10.0,18.0,25.0
48,Talladora CNC 48,2025-07-01 22:44:00,20070.0,0.0,14.0,7.0
48,Talladora CNC 48,2025-07-09 03:26:00,71020.0,37.0,19.0,32.0
48,Talladora CNC 48,2025-07-16 06:46:00,51467.0,13.0,30.0,26.0
48,Talladora CNC 48,2025-08-05 04:33:00,76503.0,17.0,8.0,30.0
48,Talladora CNC 48,2025-08-05 05:01:00,0.0,0.0,6.0,1.0
48,Talladora CNC 48,2025-08-07 10:16:00,36592.0,8.0,12.0,8.0
48,Talladora CNC 48,2025-08-26 10:43:00,104922.0,8.0,7.0,29.0
48,Talladora CNC 48,2025-08-28 08:12:00,16263.0,17.0,36.0,20.0
49,Talladora49,2025-01-14 19:36:00,1033.0,7.0,32.0,17.0
49,Talladora49,2025-01-20 22:10:00,1157.0,2.0,60.0,24.0
49,Talladora49,2025-02-07 12:13:00,1939.0,12.0,61.0,34.0
49,Talladora49,2025-03-04 16:10:00,3250.0,3.0,7.0,45.0
49,Talladora49,2025-03-12 23:04:00,1410.0,0.0,31.0,21.0
49,Talladora49,2025-03-17 08:09:00,548.0,0.0,80.0,15.0
49,Talladora49,2025-03-25 17:34:00,1348.0,4.0,16.0,30.0
49,Talladora49,2025-04-11 08:35:00,1415.0,4.0,61.0,28.0
49,Talladora49,2025-04-15 20:01:00,615.0,0.0,36.0,12.0
49,Talladora49,2025-04-15 21:43:00,0.0,0.0,17.0,1.0
49,Talladora49,2025-04-28 23:38:00,1543.0,55.0,27.0,36.0
49,Talladora49,2025-05-13 18:52:00,1654.0,0.0,30.0,31.0
49,Talladora49,2025-05-15 18:45:00,433.0,2.0,37.0,6.0
49,Talladora49,2025-05-27 00:29:00,1402.0,8.0,57.0,25.0
49,Talladora49,2025-05-27 11:09:00,72.0,0.0,23.0,3.0
49,Talladora49,2025-05-30 17:57:00,960.0,0.0,10.0,18.0
49,Talladora49,2025-06-03 12:11:00,753.0,3.0,21.0,9.0
49,Talladora49,2025-06-05 00:53:00,852.0,0.0,58.0,6.0
49,Talladora49,2025-06-09 06:04:00,948.0,0.0,55.0,16.0
49,Talladora49,2025-06-27 16:06:00,1297.0,1.0,58.0,20.0
49,Talladora49,2025-07-03 11:45:00,583.0,22.0,69.0,11.0
49,Talladora49,2025-07-15 05:14:00,1573.0,5.0,30.0,27.0
49,Talladora49,2025-07-16 07:36:00,312.0,0.0,37.0,7.0
49,Talladora49,2025-07-17 06:04:00,451.0,4.0,48.0,4.0
49,Talladora49,2025-07-28 11:42:00,689.0,0.0,35.0,8.0
49,Talladora49,2025-08-04 10:30:00,622.0,2.0,65.0,13.0
49,Talladora49,2025-08-08 11:02:00,865.0,6.0,14.0,10.0
49,Talladora49,2025-08-25 08:32:00,1258.0,12.0,16.0,24.0
52,Talladora52,2025-02-04 14:36:00,5505.0,60.0,36.0,71.0
52,Talladora52,2025-02-17 12:12:00,3224.0,16.0,22.0,49.0
52,Talladora52,2025-02-26 21:14:00,2145.0,15.0,37.0,44.0
52,Talladora52,2025-05-20 17:16:00,7241.0,254.0,67.0,133.0
52,Talladora52,2025-07-09 06:54:00,6308.0,105.0,38.0,45.0
52,Talladora52,2025-08-27 02:38:00,5802.0,92.0,114.0,45.0
55,Talladora55,2025-01-09 05:17:00,1287.0,5.0,41.0,6.0
55,Talladora55,2025-01-23 10:21:00,5431.0,22.0,18.0,26.0
55,Talladora55,2025-02-14 13:00:00,5786.0,122.0,59.0,21.0
55,Talladora55,2025-02-20 18:27:00,4040.0,35.0,41.0,15.0
55,Talladora55,2025-03-11 02:09:00,3725.0,125.0,37.0,19.0
55,Talladora55,2025-03-17 08:49:00,3464.0,61.0,30.0,12.0
55,Talladora55,2025-03-24 12:09:00,4053.0,47.0,32.0,13.0
55,Talladora55,2025-04-10 22:02:00,5625.0,48.0,30.0,20.0
55,Talladora55,2025-04-29 08:56:00,2992.0,48.0,47.0,12.0
55,Talladora55,2025-05-28 12:43:00,12741.0,116.0,75.0,61.0
55,Talladora55,2025-05-28 13:58:00,0.0,0.0,52.0,2.0
55,Talladora55,2025-08-06 10:37:00,13949.0,160.0,44.0,64.0
56,Talladora56,2025-01-10 01:03:00,1849.0,13.0,35.0,8.0
56,Talladora56,2025-01-22 20:25:00,4591.0,7.0,63.0,22.0
56,Talladora56,2025-03-05 12:25:00,9870.0,203.0,40.0,47.0
56,Talladora56,2025-03-17 07:48:00,2936.0,39.0,35.0,13.0
56,Talladora56,2025-03-21 05:31:00,3057.0,43.0,18.0,9.0
56,Talladora56,2025-04-11 04:39:00,5472.0,67.0,22.0,18.0
56,Talladora56,2025-04-28 09:50:00,2204.0,0.0,42.0,10.0
56,Talladora56,2025-05-14 20:22:00,7192.0,54.0,30.0,32.0
56,Talladora56,2025-05-29 08:58:00,2786.0,0.0,31.0,15.0
56,Talladora56,2025-06-27 03:17:00,4868.0,109.0,49.0,31.0
56,Talladora56,2025-07-14 12:00:00,2252.0,28.0,22.0,12.0
83,Talladora83,2025-01-10 20:23:00,897.0,0.0,40.0,30.0
83,Talladora83,2025-01-10 21:21:00,0.0,0.0,38.0,1.0
83,Talladora83,2025-01-12 22:17:00,143.0,13.0,21.0,2.0
83,Talladora83,2025-01-17 14:16:00,1572.0,14.0,45.0,28.0
83,Talladora83,2025-01-22 04:21:00,1103.0,28.0,48.0,30.0
83,Talladora83,2025-01-23 23:24:00,962.0,0.0,25.0,19.0
83,Talladora83,2025-01-24 19:58:00,286.0,0.0,83.0,9.0
83,Talladora83,2025-02-04 20:14:00,2765.0,93.0,32.0,37.0
83,Talladora83,2025-02-17 11:16:00,3886.0,129.0,11.0,43.0
83,Talladora83,2025-02-19 10:15:00,1312.0,0.0,11.0,8.0
83,Talladora83,2025-02-25 04:39:00,1664.0,0.0,9.0,18.0
83,Talladora83,2025-03-04 12:05:00,2511.0,47.0,24.0,22.0
83,Talladora83,2025-03-12 16:02:00,1864.0,11.0,24.0,34.0
83,Talladora83,2025-03-12 18:15:00,0.0,0.0,44.0,1.0
83,Talladora83,2025-03-17 09:29:00,1092.0,0.0,19.0,17.0
83,Talladora83,2025-03-17 10:05:00,0.0,0.0,22.0,1.0
83,Talladora83,2025-03-17 10:55:00,0.0,0.0,1.0,1.0
83,Talladora83,2025-03-17 11:13:00,0.0,0.0,52.0,1.0
83,Talladora83,2025-03-17 12:23:00,0.0,0.0,25.0,1.0
83,Talladora83,2025-03-20 11:59:00,754.0,0.0,71.0,20.0
83,Talladora83,2025-03-26 20:03:00,1349.0,3.0,39.0,35.0
83,Talladora83,2025-03-28 11:55:00,910.0,13.0,39.0,13.0
83,Talladora83,2025-03-28 15:19:00,182.0,0.0,39.0,3.0
83,Talladora83,2025-04-02 04:28:00,920.0,3.0,18.0,16.0
83,Talladora83,2025-04-21 23:30:00,3282.0,70.0,25.0,56.0
83,Talladora83,2025-04-29 07:08:00,1296.0,61.0,2.0,23.0
83,Talladora83,2025-04-29 07:40:00,0.0,0.0,45.0,1.0
83,Talladora83,2025-05-14 00:14:00,3283.0,98.0,38.0,48.0
83,Talladora83,2025-05-21 07:25:00,1168.0,28.0,23.0,29.0
83,Talladora83,2025-05-21 08:56:00,0.0,0.0,22.0,1.0
83,Talladora83,2025-06-02 19:19:00,1639.0,10.0,80.0,43.0
83,Talladora83,2025-06-09 09:07:00,2087.0,11.0,52.0,33.0
83,Talladora83,2025-06-13 11:31:00,2728.0,0.0,1.0,25.0
83,Talladora83,2025-07-15 08:43:00,3686.0,144.0,73.0,59.0
83,Talladora83,2025-07-15 10:08:00,0.0,0.0,27.0,1.0
83,Talladora83,2025-07-16 07:08:00,325.0,0.0,19.0,6.0
83,Talladora83,2025-07-16 07:45:00,0.0,0.0,33.0,1.0
83,Talladora83,2025-07-17 06:25:00,364.0,13.0,25.0,6.0
83,Talladora83,2025-07-17 07:07:00,0.0,0.0,20.0,1.0
83,Talladora83,2025-07-29 10:01:00,595.0,3.0,27.0,11.0
83,Talladora83,2025-07-29 10:45:00,0.0,0.0,34.0,1.0
83,Talladora83,2025-08-05 02:35:00,712.0,68.0,38.0,19.0
83,Talladora83,2025-08-08 00:21:00,1152.0,5.0,28.0,16.0
83,Talladora83,2025-08-08 00:53:00,0.0,0.0,19.0,1.0
83,Talladora83,2025-08-20 04:59:00,933.0,100.0,59.0,21.0
83,Talladora83,2025-08-20 05:59:00,0.0,0.0,14.0,1.0
83,Talladora83,2025-08-20 06:22:00,253.0,20.0,29.0,2.0
83,Talladora83,2025-08-27 10:59:00,1531.0,78.0,18.0,28.0
83,Talladora83,2025-08-27 11:28:00,0.0,0.0,42.0,1.0
83,Talladora83,2025-09-01 19:09:00,1305.0,8.0,16.0,23.0
83,Talladora83,2025-09-01 19:37:00,0.0,0.0,18.0,1.0
150,Talladora150,2025-01-09 18:22:00,1136.0,4.0,35.0,16.0
150,Talladora150,2025-01-23 04:17:00,4208.0,33.0,36.0,156.0
150,Talladora150,2025-01-24 17:10:00,1143.0,0.0,33.0,17.0
150,Talladora150,2025-02-05 15:44:00,3863.0,35.0,49.0,37.0
150,Talladora150,2025-02-11 09:57:00,3030.0,0.0,169.0,18.0
150,Talladora150,2025-02-14 08:24:00,2562.0,0.0,20.0,23.0
150,Talladora150,2025-02-28 15:30:00,7697.0,118.0,21.0,55.0
150,Talladora150,2025-03-18 07:08:00,6749.0,60.0,27.0,40.0
150,Talladora150,2025-03-19 23:41:00,1467.0,3.0,18.0,13.0
150,Talladora150,2025-04-01 15:42:00,3452.0,5.0,57.0,27.0
150,Talladora150,2025-04-08 04:44:00,1927.0,31.0,31.0,23.0
150,Talladora150,2025-04-24 19:55:00,6142.0,53.0,48.0,64.0
150,Talladora150,2025-05-15 02:04:00,3690.0,126.0,47.0,47.0
150,Talladora150,2025-05-27 10:36:00,4991.0,16.0,56.0,89.0
150,Talladora150,2025-06-05 17:57:00,6931.0,8.0,38.0,40.0
150,Talladora150,2025-06-13 08:45:00,5967.0,39.0,52.0,33.0
150,Talladora150,2025-06-19 04:29:00,3168.0,23.0,30.0,39.0
150,Talladora150,2025-06-25 00:13:00,3185.0,28.0,33.0,22.0
150,Talladora150,2025-06-25 10:10:00,336.0,0.0,85.0,2.0
150,Talladora150,2025-07-03 15:06:00,4630.0,131.0,20.0,32.0
150,Talladora150,2025-07-11 12:47:00,3320.0,7.0,31.0,21.0
150,Talladora150,2025-07-29 12:13:00,2451.0,48.0,74.0,14.0
150,Talladora150,2025-08-07 07:01:00,2515.0,23.0,22.0,22.0
150,Talladora150,2025-08-07 08:18:00,0.0,0.0,56.0,1.0
151,Talladora151,2025-01-30 00:31:00,3038.0,17.0,25.0,37.0
151,Talladora151,2025-02-05 11:45:00,1553.0,33.0,56.0,15.0
151,Talladora151,2025-02-18 17:52:00,6916.0,29.0,20.0,55.0
151,Talladora151,2025-02-20 08:20:00,1735.0,0.0,4.0,13.0
151,Talladora151,2025-02-25 07:35:00,1853.0,6.0,50.0,18.0
151,Talladora151,2025-03-05 20:07:00,3791.0,5.0,10.0,38.0
151,Talladora151,2025-03-14 04:53:00,4066.0,0.0,13.0,40.0
151,Talladora151,2025-03-26 11:06:00,2539.0,2.0,15.0,16.0
151,Talladora151,2025-03-27 12:49:00,663.0,0.0,11.0,5.0
151,Talladora151,2025-04-03 07:48:00,2184.0,13.0,18.0,22.0
151,Talladora151,2025-04-10 09:13:00,2299.0,2.0,20.0,34.0
151,Talladora151,2025-04-22 21:06:00,2349.0,4.0,44.0,29.0
151,Talladora151,2025-04-24 15:32:00,1439.0,17.0,40.0,17.0
151,Talladora151,2025-05-07 11:37:00,2905.0,7.0,15.0,37.0
151,Talladora151,2025-05-13 02:29:00,1599.0,13.0,50.0,21.0
151,Talladora151,2025-05-16 00:56:00,1248.0,13.0,18.0,15.0
151,Talladora151,2025-05-21 20:32:00,1274.0,13.0,82.0,16.0
151,Talladora151,2025-05-28 11:26:00,1740.0,15.0,16.0,15.0
151,Talladora151,2025-06-02 12:11:00,1651.0,13.0,21.0,20.0
151,Talladora151,2025-06-11 06:13:00,4014.0,17.0,67.0,27.0
151,Talladora151,2025-06-16 12:57:00,2064.0,16.0,32.0,15.0
151,Talladora151,2025-06-23 16:57:00,3046.0,16.0,30.0,38.0
151,Talladora151,2025-07-03 12:40:00,5078.0,35.0,45.0,51.0
151,Talladora151,2025-07-16 07:48:00,5977.0,6.0,42.0,27.0
151,Talladora151,2025-07-17 06:16:00,221.0,0.0,7.0,2.0
151,Talladora151,2025-08-08 10:04:00,2736.0,20.0,20.0,24.0
151,Talladora151,2025-08-19 22:54:00,958.0,17.0,74.0,5.0
151,Talladora151,2025-08-27 10:14:00,1626.0,38.0,26.0,10.0
197,Talladora197,2025-01-15 09:07:00,927.0,1.0,48.0,19.0
197,Talladora197,2025-01-20 16:29:00,938.0,22.0,3.0,19.0
197,Talladora197,2025-01-20 16:35:00,0.0,0.0,49.0,1.0
197,Talladora197,2025-01-20 17:26:00,0.0,0.0,41.0,1.0
197,Talladora197,2025-01-21 12:26:00,302.0,2.0,24.0,5.0
197,Talladora197,2025-01-24 00:38:00,1456.0,0.0,1.0,16.0
197,Talladora197,2025-01-24 01:03:00,0.0,0.0,31.0,1.0
197,Talladora197,2025-02-03 22:20:00,1924.0,1.0,63.0,35.0
197,Talladora197,2025-02-05 21:03:00,494.0,0.0,65.0,24.0
197,Talladora197,2025-02-05 22:09:00,138.0,5.0,0.0,2.0
197,Talladora197,2025-02-14 17:34:00,1375.0,2.0,24.0,20.0
197,Talladora197,2025-02-21 19:13:00,1453.0,15.0,44.0,24.0
197,Talladora197,2025-02-26 16:07:00,1065.0,1.0,37.0,26.0
197,Talladora197,2025-03-07 14:03:00,959.0,2.0,25.0,21.0
197,Talladora197,2025-04-03 03:24:00,2199.0,1.0,38.0,50.0
197,Talladora197,2025-04-03 04:06:00,0.0,0.0,32.0,1.0
197,Talladora197,2025-04-03 21:07:00,260.0,0.0,63.0,5.0
197,Talladora197,2025-04-03 22:11:00,102.0,2.0,29.0,2.0
197,Talladora197,2025-04-08 12:48:00,673.0,3.0,39.0,12.0
197,Talladora197,2025-04-11 02:08:00,987.0,0.0,27.0,17.0
197,Talladora197,2025-04-15 18:39:00,1152.0,0.0,34.0,20.0
197,Talladora197,2025-04-22 18:22:00,941.0,3.0,0.0,9.0
197,Talladora197,2025-04-22 18:49:00,0.0,0.0,39.0,1.0
197,Talladora197,2025-04-24 20:00:00,753.0,15.0,30.0,11.0
197,Talladora197,2025-04-25 07:29:00,336.0,0.0,33.0,5.0
197,Talladora197,2025-04-30 02:30:00,1269.0,1.0,15.0,20.0
197,Talladora197,2025-05-07 21:00:00,1705.0,4.0,36.0,12.0
197,Talladora197,2025-05-21 07:39:00,1820.0,14.0,55.0,28.0
197,Talladora197,2025-05-26 21:01:00,559.0,15.0,31.0,13.0
197,Talladora197,2025-06-06 11:16:00,1745.0,5.0,25.0,21.0
197,Talladora197,2025-06-13 03:44:00,1862.0,6.0,31.0,27.0
197,Talladora197,2025-06-17 20:55:00,1225.0,7.0,37.0,18.0
197,Talladora197,2025-07-03 11:42:00,1820.0,6.0,53.0,23.0
216,Talladora216,2025-01-20 10:23:00,936.0,38.0,75.0,17.0
216,Talladora216,2025-01-23 10:32:00,473.0,0.0,20.0,8.0
216,Talladora216,2025-03-04 10:49:00,1111.0,33.0,44.0,19.0
216,Talladora216,2025-03-06 20:30:00,537.0,3.0,18.0,7.0
216,Talladora216,2025-03-20 10:27:00,1420.0,15.0,78.0,33.0
216,Talladora216,2025-05-06 15:34:00,5135.0,37.0,37.0,61.0
216,Talladora216,2025-05-12 06:17:00,924.0,0.0,54.0,11.0
216,Talladora216,2025-05-16 01:34:00,1019.0,1.0,16.0,14.0
216,Talladora216,2025-05-19 15:52:00,370.0,2.0,13.0,4.0
216,Talladora216,2025-05-22 14:27:00,1236.0,0.0,44.0,17.0
216,Talladora216,2025-05-23 18:07:00,429.0,0.0,29.0,7.0
216,Talladora216,2025-06-03 09:16:00,827.0,31.0,24.0,21.0
216,Talladora216,2025-06-20 06:14:00,1717.0,9.0,52.0,24.0
216,Talladora216,2025-06-24 00:49:00,341.0,0.0,13.0,6.0
216,Talladora216,2025-06-24 23:32:00,286.0,0.0,33.0,5.0
216,Talladora216,2025-07-01 09:20:00,454.0,19.0,159.0,11.0
216,Talladora216,2025-09-01 17:46:00,517.0,0.0,23.0,6.0
216,Talladora216,2025-09-01 18:26:00,0.0,0.0,17.0,1.0
217,Talladora217,2025-01-07 22:55:00,273.0,0.0,45.0,3.0
217,Talladora217,2025-01-14 20:17:00,898.0,12.0,10.0,43.0
217,Talladora217,2025-01-17 06:00:00,558.0,1.0,42.0,31.0
217,Talladora217,2025-01-20 09:08:00,528.0,0.0,22.0,4.0
217,Talladora217,2025-01-23 09:45:00,1034.0,0.0,43.0,8.0
217,Talladora217,2025-03-04 22:57:00,782.0,55.0,105.0,15.0
217,Talladora217,2025-03-20 15:26:00,2246.0,15.0,28.0,47.0
217,Talladora217,2025-03-21 01:15:00,231.0,0.0,20.0,2.0
217,Talladora217,2025-04-08 16:10:00,2401.0,21.0,87.0,34.0
217,Talladora217,2025-04-15 07:25:00,1048.0,12.0,64.0,16.0
217,Talladora217,2025-04-24 00:35:00,953.0,4.0,40.0,7.0
217,Talladora217,2025-05-06 07:44:00,1538.0,11.0,34.0,19.0
217,Talladora217,2025-05-12 06:17:00,862.0,2.0,44.0,14.0
217,Talladora217,2025-05-19 18:00:00,1186.0,14.0,35.0,16.0
217,Talladora217,2025-05-22 16:05:00,1269.0,4.0,21.0,14.0
217,Talladora217,2025-05-23 18:06:00,462.0,0.0,30.0,8.0
217,Talladora217,2025-05-28 07:59:00,368.0,0.0,50.0,12.0
217,Talladora217,2025-06-17 16:05:00,2201.0,9.0,39.0,34.0
217,Talladora217,2025-06-20 07:45:00,759.0,0.0,35.0,7.0
217,Talladora217,2025-06-25 22:02:00,836.0,0.0,47.0,11.0
217,Talladora217,2025-06-30 10:14:00,400.0,18.0,36.0,7.0
217,Talladora217,2025-07-03 10:31:00,308.0,11.0,142.0,4.0
229,talladora229 Phauter Luk 6,2025-03-12 14:06:00,1092.0,17.0,32.0,44.0
229,talladora229 Phauter Luk 6,2025-03-14 16:08:00,1400.0,0.0,42.0,5.0
229,talladora229 Phauter Luk 6,2025-03-18 00:30:00,630.0,28.0,46.0,5.0
229,talladora229 Phauter Luk 6,2025-03-18 10:27:00,0.0,0.0,40.0,1.0
229,talladora229 Phauter Luk 6,2025-03-20 09:06:00,1470.0,0.0,78.0,13.0
229,talladora229 Phauter Luk 6,2025-03-20 13:04:00,0.0,0.0,57.0,1.0
229,talladora229 Phauter Luk 6,2025-03-20 14:21:00,280.0,0.0,86.0,2.0
229,talladora229 Phauter Luk 6,2025-03-24 16:14:00,1680.0,0.0,22.0,6.0
229,talladora229 Phauter Luk 6,2025-04-01 09:48:00,966.0,0.0,19.0,10.0
229,talladora229 Phauter Luk 6,2025-04-02 21:03:00,1284.0,4.0,24.0,8.0
229,talladora229 Phauter Luk 6,2025-04-07 12:11:00,1302.0,14.0,11.0,15.0
229,talladora229 Phauter Luk 6,2025-04-08 17:57:00,1376.0,10.0,32.0,5.0
229,talladora229 Phauter Luk 6,2025-04-10 08:10:00,1604.0,6.0,61.0,7.0
229,talladora229 Phauter Luk 6,2025-04-11 03:55:00,616.0,14.0,5.0,4.0
229,talladora229 Phauter Luk 6,2025-04-15 03:20:00,1806.0,0.0,44.0,11.0
229,talladora229 Phauter Luk 6,2025-04-22 10:20:00,2268.0,0.0,9.0,12.0
229,talladora229 Phauter Luk 6,2025-04-28 02:26:00,2128.0,14.0,57.0,19.0
229,talladora229 Phauter Luk 6,2025-04-28 08:12:00,294.0,14.0,19.0,4.0
229,talladora229 Phauter Luk 6,2025-05-14 11:43:00,2898.0,14.0,23.0,17.0
229,talladora229 Phauter Luk 6,2025-05-16 11:46:00,2027.0,3.0,20.0,7.0
229,talladora229 Phauter Luk 6,2025-05-20 11:59:00,1386.0,14.0,45.0,7.0
229,talladora229 Phauter Luk 6,2025-05-23 20:40:00,1344.0,14.0,572.0,10.0
229,talladora229 Phauter Luk 6,2025-05-26 12:16:00,216.0,8.0,103.0,2.0
229,talladora229 Phauter Luk 6,2025-05-26 14:56:00,196.0,0.0,12.0,3.0
229,talladora229 Phauter Luk 6,2025-05-30 09:17:00,1731.0,33.0,70.0,11.0
229,talladora229 Phauter Luk 6,2025-06-11 22:02:00,1540.0,14.0,38.0,9.0
229,talladora229 Phauter Luk 6,2025-07-01 11:06:00,1078.0,14.0,31.0,12.0
229,talladora229 Phauter Luk 6,2025-07-08 00:23:00,1941.0,19.0,18.0,14.0
229,talladora229 Phauter Luk 6,2025-08-04 07:35:00,3254.0,8.0,26.0,17.0
229,talladora229 Phauter Luk 6,2025-08-18 05:09:00,2012.0,4.0,17.0,16.0
229,talladora229 Phauter Luk 6,2025-08-21 04:15:00,1596.0,0.0,29.0,14.0
229,talladora229 Phauter Luk 6,2025-08-26 22:04:00,2295.0,1.0,78.0,15.0
230,Talladora230 Sachs,2025-01-08 09:25:00,836.0,4.0,21.0,4.0
230,Talladora230 Sachs,2025-01-15 07:33:00,2370.0,68.0,48.0,22.0
230,Talladora230 Sachs,2025-01-17 11:23:00,1455.0,15.0,43.0,13.0
230,Talladora230 Sachs,2025-01-29 19:57:00,1470.0,15.0,39.0,8.0
230,Talladora230 Sachs,2025-02-05 10:23:00,2868.0,12.0,35.0,11.0
230,Talladora230 Sachs,2025-02-11 04:31:00,3128.0,11.0,37.0,19.0
230,Talladora230 Sachs,2025-02-11 18:35:00,584.0,1.0,24.0,5.0
230,Talladora230 Sachs,2025-03-03 23:14:00,808.0,5.0,40.0,8.0
230,Talladora230 Sachs,2025-03-05 16:10:00,671.0,4.0,102.0,8.0
238,TALLADORA 238 PHAUTER,2025-05-15 20:54:00,12165.0,99.0,21.0,93.0
238,TALLADORA 238 PHAUTER,2025-05-20 11:58:00,1666.0,0.0,21.0,10.0
238,TALLADORA 238 PHAUTER,2025-05-29 07:49:00,2671.0,73.0,100.0,17.0
238,TALLADORA 238 PHAUTER,2025-06-12 03:55:00,2022.0,8.0,23.0,16.0
238,TALLADORA 238 PHAUTER,2025-07-08 12:24:00,3809.0,41.0,60.0,24.0
238,TALLADORA 238 PHAUTER,2025-07-16 00:41:00,1374.0,26.0,40.0,8.0
238,TALLADORA 238 PHAUTER,2025-07-17 23:05:00,725.0,3.0,53.0,3.0
238,TALLADORA 238 PHAUTER,2025-08-06 22:00:00,2001.0,1.0,24.0,11.0
238,TALLADORA 238 PHAUTER,2025-08-18 00:42:00,1087.0,5.0,33.0,8.0
238,TALLADORA 238 PHAUTER,2025-08-21 01:59:00,1750.0,0.0,34.0,13.0
238,TALLADORA 238 PHAUTER,2025-08-26 04:59:00,1802.0,4.0,29.0,14.0
238,TALLADORA 238 PHAUTER,2025-08-31 23:00:00,1915.0,3.0,24.0,9.0
254,Talladora OMR,2025-01-08 15:08:00,1822.0,26.0,28.0,9.0
254,Talladora OMR,2025-01-10 18:23:00,2095.0,5.0,16.0,11.0
254,Talladora OMR,2025-01-14 22:26:00,1679.0,1.0,12.0,10.0
254,Talladora OMR,2025-01-16 14:56:00,1457.0,13.0,27.0,8.0
254,Talladora OMR,2025-01-20 17:19:00,1581.0,1.0,11.0,6.0
254,Talladora OMR,2025-01-21 19:20:00,1007.0,1.0,15.0,11.0
254,Talladora OMR,2025-01-23 22:16:00,2026.0,4.0,18.0,10.0
254,Talladora OMR,2025-01-24 18:18:00,714.0,0.0,7.0,8.0
254,Talladora OMR,2025-01-28 06:28:00,1976.0,12.0,4.0,8.0
254,Talladora OMR,2025-01-30 07:47:00,1610.0,0.0,6.0,8.0
254,Talladora OMR,2025-02-04 21:01:00,1022.0,28.0,34.0,11.0
254,Talladora OMR,2025-02-06 01:07:00,1582.0,0.0,5.0,12.0
254,Talladora OMR,2025-02-07 04:37:00,1159.0,3.0,9.0,11.0
254,Talladora OMR,2025-02-11 01:48:00,1941.0,5.0,19.0,10.0
254,Talladora OMR,2025-02-13 05:06:00,1597.0,13.0,14.0,11.0
254,Talladora OMR,2025-02-18 10:05:00,1806.0,0.0,23.0,13.0
254,Talladora OMR,2025-02-19 04:07:00,936.0,2.0,23.0,7.0
254,Talladora OMR,2025-02-20 20:32:00,1938.0,22.0,14.0,12.0
254,Talladora OMR,2025-02-24 18:30:00,1232.0,14.0,21.0,11.0
254,Talladora OMR,2025-02-26 19:39:00,1399.0,1.0,25.0,12.0
254,Talladora OMR,2025-02-27 13:54:00,430.0,4.0,43.0,6.0
254,Talladora OMR,2025-02-27 21:24:00,0.0,0.0,31.0,1.0
254,Talladora OMR,2025-02-28 07:25:00,315.0,7.0,24.0,3.0
254,Talladora OMR,2025-02-28 18:17:00,365.0,13.0,27.0,4.0
254,Talladora OMR,2025-03-03 23:06:00,455.0,7.0,17.0,4.0
254,Talladora OMR,2025-03-04 23:52:00,725.0,3.0,14.0,10.0
254,Talladora OMR,2025-03-05 12:34:00,403.0,3.0,26.0,3.0
254,Talladora OMR,2025-03-07 00:06:00,1185.0,5.0,0.0,7.0
254,Talladora OMR,2025-03-07 00:46:00,0.0,0.0,12.0,2.0
254,Talladora OMR,2025-03-10 09:28:00,1078.0,0.0,23.0,6.0
254,Talladora OMR,2025-03-11 15:19:00,988.0,6.0,20.0,8.0
254,Talladora OMR,2025-03-12 10:55:00,669.0,3.0,7.0,6.0
254,Talladora OMR,2025-03-12 16:44:00,249.0,3.0,6.0,5.0
254,Talladora OMR,2025-03-14 17:35:00,2079.0,7.0,13.0,16.0
254,Talladora OMR,2025-03-17 21:15:00,727.0,15.0,27.0,4.0
254,Talladora OMR,2025-03-18 15:36:00,1158.0,4.0,30.0,11.0
254,Talladora OMR,2025-03-19 21:43:00,811.0,1.0,16.0,5.0
254,Talladora OMR,2025-03-19 22:00:00,294.0,0.0,19.0,2.0
254,Talladora OMR,2025-03-25 11:41:00,1496.0,2.0,26.0,14.0
254,Talladora OMR,2025-03-25 14:44:00,406.0,0.0,4.0,4.0
254,Talladora OMR,2025-03-27 07:02:00,1609.0,15.0,27.0,9.0
254,Talladora OMR,2025-03-27 13:10:00,0.0,0.0,31.0,2.0
254,Talladora OMR,2025-03-31 11:21:00,1848.0,0.0,11.0,5.0
254,Talladora OMR,2025-04-01 11:58:00,910.0,0.0,14.0,3.0
254,Talladora OMR,2025-04-02 18:26:00,1045.0,5.0,17.0,9.0
254,Talladora OMR,2025-04-14 05:58:00,1694.0,0.0,42.0,7.0
254,Talladora OMR,2025-04-25 10:37:00,2185.0,13.0,0.0,10.0
254,Talladora OMR,2025-05-06 18:01:00,3384.0,46.0,8.0,14.0
254,Talladora OMR,2025-05-16 03:57:00,3061.0,60.0,5.0,9.0
254,Talladora OMR,2025-05-16 04:13:00,0.0,0.0,34.0,1.0
254,Talladora OMR,2025-05-20 03:18:00,2260.0,8.0,6.0,6.0
254,Talladora OMR,2025-05-29 11:10:00,3491.0,11.0,39.0,22.0
254,Talladora OMR,2025-06-24 15:29:00,2622.0,8.0,26.0,22.0
254,Talladora OMR,2025-06-30 06:02:00,1855.0,7.0,30.0,15.0
254,Talladora OMR,2025-07-09 01:10:00,1593.0,3.0,9.0,10.0
254,Talladora OMR,2025-07-11 07:58:00,1758.0,6.0,34.0,8.0
254,Talladora OMR,2025-07-16 05:13:00,1431.0,11.0,26.0,7.0
254,Talladora OMR,2025-08-25 10:08:00,1929.0,17.0,1.0,10.0
254,Talladora OMR,2025-08-27 13:09:00,1568.0,0.0,9.0,9.0
254,Talladora OMR,2025-08-31 22:47:00,2097.0,17.0,6.0,9.0
254,Talladora OMR,2025-09-01 03:07:00,0.0,0.0,13.0,1.0
265,Talladora Liebher 265,2025-01-10 09:24:00,4530.0,7.0,3.0,27.0
265,Talladora Liebher 265,2025-01-10 09:42:00,0.0,0.0,38.0,1.0
265,Talladora Liebher 265,2025-01-13 20:16:00,1400.0,28.0,34.0,8.0
265,Talladora Liebher 265,2025-01-21 22:25:00,2081.0,25.0,65.0,9.0
265,Talladora Liebher 265,2025-01-23 10:02:00,2322.0,0.0,38.0,5.0
265,Talladora Liebher 265,2025-01-27 02:16:00,1682.0,65.0,20.0,15.0
265,Talladora Liebher 265,2025-01-27 19:45:00,798.0,0.0,39.0,8.0
265,Talladora Liebher 265,2025-01-29 05:21:00,1533.0,0.0,30.0,10.0
265,Talladora Liebher 265,2025-02-05 17:04:00,5474.0,82.0,62.0,29.0
265,Talladora Liebher 265,2025-02-07 06:39:00,1995.0,21.0,44.0,7.0
265,Talladora Liebher 265,2025-02-10 22:27:00,1410.0,81.0,15.0,10.0
265,Talladora Liebher 265,2025-02-10 22:48:00,0.0,0.0,40.0,1.0
265,Talladora Liebher 265,2025-02-11 21:05:00,1008.0,0.0,27.0,3.0
265,Talladora Liebher 265,2025-02-12 22:24:00,2058.0,0.0,48.0,5.0
265,Talladora Liebher 265,2025-02-14 03:46:00,1344.0,0.0,26.0,8.0
265,Talladora Liebher 265,2025-02-19 19:47:00,1533.0,38.0,29.0,42.0
265,Talladora Liebher 265,2025-02-20 22:54:00,1924.0,0.0,43.0,6.0
265,Talladora Liebher 265,2025-03-03 17:11:00,2366.0,40.0,77.0,10.0
265,Talladora Liebher 265,2025-03-10 08:25:00,3486.0,71.0,1.0,63.0
265,Talladora Liebher 265,2025-03-10 08:27:00,0.0,0.0,48.0,1.0
265,Talladora Liebher 265,2025-04-30 08:28:00,6599.0,43.0,23.0,37.0
265,Talladora Liebher 265,2025-05-06 18:36:00,2471.0,7.0,100.0,12.0
265,Talladora Liebher 265,2025-05-14 04:17:00,5554.0,49.0,63.0,23.0
265,Talladora Liebher 265,2025-05-15 02:12:00,1050.0,0.0,70.0,4.0
265,Talladora Liebher 265,2025-05-15 10:18:00,315.0,0.0,0.0,2.0
265,Talladora Liebher 265,2025-05-27 11:24:00,1953.0,0.0,22.0,13.0
265,Talladora Liebher 265,2025-05-27 16:57:00,378.0,0.0,124.0,2.0
265,Talladora Liebher 265,2025-06-09 18:42:00,2432.0,3.0,92.0,16.0
265,Talladora Liebher 265,2025-06-17 01:40:00,4368.0,23.0,31.0,19.0
265,Talladora Liebher 265,2025-06-19 16:43:00,2369.0,25.0,3.0,16.0
265,Talladora Liebher 265,2025-06-30 15:43:00,4290.0,20.0,54.0,27.0
265,Talladora Liebher 265,2025-08-05 04:51:00,3001.0,0.0,63.0,14.0
265,Talladora Liebher 265,2025-08-07 04:32:00,1575.0,0.0,35.0,10.0
265,Talladora Liebher 265,2025-08-28 02:35:00,3255.0,0.0,20.0,12.0
275,Talladora Phauter P630,2025-01-07 03:56:00,486.0,0.0,37.0,2.0
275,Talladora Phauter P630,2025-01-10 14:11:00,5154.0,10.0,38.0,19.0
275,Talladora Phauter P630,2025-01-15 06:17:00,2107.0,17.0,55.0,18.0
275,Talladora Phauter P630,2025-01-17 00:31:00,1602.0,22.0,112.0,8.0
275,Talladora Phauter P630,2025-01-20 02:13:00,819.0,0.0,73.0,4.0
275,Talladora Phauter P630,2025-01-24 13:21:00,5209.0,0.0,10.0,29.0
275,Talladora Phauter P630,2025-01-30 17:35:00,5931.0,5.0,48.0,25.0
275,Talladora Phauter P630,2025-02-03 16:55:00,1606.0,10.0,48.0,8.0
275,Talladora Phauter P630,2025-02-04 17:39:00,668.0,25.0,24.0,5.0
275,Talladora Phauter P630,2025-02-06 10:19:00,2044.0,0.0,29.0,7.0
275,Talladora Phauter P630,2025-02-06 12:17:00,0.0,0.0,24.0,2.0
275,Talladora Phauter P630,2025-02-14 10:59:00,3023.0,21.0,119.0,15.0
275,Talladora Phauter P630,2025-02-19 05:01:00,2541.0,0.0,37.0,12.0
275,Talladora Phauter P630,2025-02-20 10:54:00,1044.0,6.0,60.0,7.0
275,Talladora Phauter P630,2025-02-24 17:19:00,903.0,0.0,48.0,6.0
275,Talladora Phauter P630,2025-02-27 04:56:00,1897.0,0.0,54.0,10.0
275,Talladora Phauter P630,2025-02-28 18:28:00,3101.0,7.0,41.0,6.0
275,Talladora Phauter P630,2025-03-05 18:40:00,2690.0,26.0,66.0,9.0
275,Talladora Phauter P630,2025-03-12 20:56:00,3687.0,13.0,22.0,19.0
275,Talladora Phauter P630,2025-03-26 20:06:00,10569.0,53.0,37.0,48.0
275,Talladora Phauter P630,2025-03-27 20:45:00,1764.0,0.0,67.0,5.0
275,Talladora Phauter P630,2025-04-01 21:11:00,3552.0,4.0,43.0,11.0
275,Talladora Phauter P630,2025-04-02 14:41:00,1397.0,3.0,47.0,5.0
275,Talladora Phauter P630,2025-04-03 03:32:00,420.0,0.0,69.0,2.0
275,Talladora Phauter P630,2025-04-03 06:04:00,0.0,0.0,5.0,3.0
275,Talladora Phauter P630,2025-04-03 08:12:00,390.0,2.0,14.0,2.0
275,Talladora Phauter P630,2025-04-07 18:53:00,2821.0,54.0,106.0,15.0
275,Talladora Phauter P630,2025-04-09 12:14:00,2142.0,15.0,34.0,12.0
275,Talladora Phauter P630,2025-04-10 08:20:00,1215.0,0.0,9.0,6.0
275,Talladora Phauter P630,2025-04-15 12:54:00,2442.0,31.0,37.0,13.0
275,Talladora Phauter P630,2025-04-24 03:39:00,4995.0,1.0,69.0,26.0
275,Talladora Phauter P630,2025-05-09 00:21:00,7890.0,0.0,28.0,34.0
275,Talladora Phauter P630,2025-05-14 18:47:00,2363.0,0.0,32.0,14.0
275,Talladora Phauter P630,2025-05-15 19:57:00,1509.0,3.0,21.0,7.0
275,Talladora Phauter P630,2025-05-21 11:12:00,5580.0,5.0,21.0,16.0
275,Talladora Phauter P630,2025-05-23 10:09:00,3690.0,8.0,27.0,10.0
275,Talladora Phauter P630,2025-06-02 20:03:00,2825.0,0.0,24.0,17.0
275,Talladora Phauter P630,2025-06-03 22:41:00,1806.0,0.0,40.0,5.0
275,Talladora Phauter P630,2025-06-05 03:30:00,1197.0,0.0,36.0,8.0
275,Talladora Phauter P630,2025-06-11 07:01:00,4223.0,0.0,49.0,16.0
275,Talladora Phauter P630,2025-06-11 21:18:00,540.0,0.0,18.0,3.0
275,Talladora Phauter P630,2025-06-12 16:39:00,1485.0,0.0,79.0,4.0
275,Talladora Phauter P630,2025-06-16 17:29:00,1998.0,0.0,82.0,9.0
275,Talladora Phauter P630,2025-06-18 03:24:00,1292.0,0.0,27.0,5.0
275,Talladora Phauter P630,2025-06-20 00:10:00,2156.0,0.0,20.0,7.0
275,Talladora Phauter P630,2025-06-20 19:03:00,560.0,0.0,91.0,3.0
275,Talladora Phauter P630,2025-06-24 23:10:00,1792.0,0.0,41.0,8.0
275,Talladora Phauter P630,2025-07-08 12:55:00,8242.0,12.0,13.0,35.0
275,Talladora Phauter P630,2025-07-11 10:55:00,3562.0,1.0,33.0,14.0
275,Talladora Phauter P630,2025-07-16 10:12:00,3402.0,0.0,39.0,11.0
275,Talladora Phauter P630,2025-07-29 11:56:00,3906.0,26.0,63.0,17.0
275,Talladora Phauter P630,2025-08-28 22:25:00,7974.0,12.0,51.0,36.0
275,Talladora Phauter P630,2025-09-01 09:23:00,999.0,0.0,43.0,3.0
276,Talladora Phauter,2025-01-07 20:17:00,1428.0,0.0,18.0,6.0
276,Talladora Phauter,2025-01-08 19:53:00,1282.0,0.0,25.0,11.0
276,Talladora Phauter,2025-01-10 16:29:00,2848.0,1.0,35.0,16.0
276,Talladora Phauter,2025-01-13 17:31:00,1254.0,0.0,84.0,12.0
276,Talladora Phauter,2025-01-14 15:59:00,1007.0,0.0,40.0,6.0
276,Talladora Phauter,2025-01-20 01:29:00,3585.0,0.0,25.0,25.0
276,Talladora Phauter,2025-01-23 12:02:00,3841.0,18.0,39.0,29.0
276,Talladora Phauter,2025-01-24 00:46:00,817.0,0.0,22.0,6.0
276,Talladora Phauter,2025-01-28 01:43:00,2449.0,0.0,63.0,17.0
276,Talladora Phauter,2025-02-03 01:30:00,4915.0,9.0,73.0,31.0
276,Talladora Phauter,2025-02-07 04:47:00,4620.0,0.0,52.0,21.0
276,Talladora Phauter,2025-02-07 05:56:00,168.0,0.0,38.0,2.0
276,Talladora Phauter,2025-02-11 20:57:00,2547.0,32.0,33.0,15.0
276,Talladora Phauter,2025-02-13 19:43:00,2948.0,5.0,51.0,13.0
276,Talladora Phauter,2025-02-17 20:05:00,1790.0,19.0,69.0,16.0
276,Talladora Phauter,2025-02-18 09:08:00,163.0,26.0,71.0,3.0
276,Talladora Phauter,2025-02-20 04:25:00,1659.0,0.0,83.0,9.0
276,Talladora Phauter,2025-02-27 03:08:00,4004.0,4.0,63.0,24.0
276,Talladora Phauter,2025-02-27 04:56:00,0.0,0.0,54.0,1.0
276,Talladora Phauter,2025-02-28 05:14:00,688.0,25.0,31.0,6.0
276,Talladora Phauter,2025-03-04 08:52:00,1974.0,0.0,97.0,11.0
276,Talladora Phauter,2025-03-04 12:59:00,0.0,0.0,54.0,1.0
276,Talladora Phauter,2025-03-06 17:02:00,3173.0,0.0,38.0,14.0
276,Talladora Phauter,2025-03-07 11:06:00,920.0,0.0,39.0,4.0
276,Talladora Phauter,2025-03-12 06:54:00,1583.0,1.0,51.0,11.0
276,Talladora Phauter,2025-03-12 23:17:00,903.0,0.0,114.0,3.0
276,Talladora Phauter,2025-03-17 12:46:00,2979.0,3.0,18.0,10.0
276,Talladora Phauter,2025-03-19 18:00:00,3347.0,16.0,97.0,14.0
276,Talladora Phauter,2025-03-19 19:55:00,0.0,0.0,48.0,1.0
276,Talladora Phauter,2025-03-21 18:33:00,3120.0,0.0,72.0,11.0
276,Talladora Phauter,2025-03-25 04:25:00,1495.0,25.0,29.0,6.0
276,Talladora Phauter,2025-03-25 05:15:00,0.0,0.0,13.0,2.0
276,Talladora Phauter,2025-04-01 11:13:00,1580.0,0.0,52.0,5.0
276,Talladora Phauter,2025-04-02 09:52:00,1580.0,0.0,69.0,6.0
276,Talladora Phauter,2025-04-08 07:17:00,3596.0,0.0,36.0,16.0
276,Talladora Phauter,2025-04-09 00:03:00,1018.0,6.0,51.0,5.0
276,Talladora Phauter,2025-04-10 02:56:00,1700.0,0.0,50.0,7.0
276,Talladora Phauter,2025-04-15 23:03:00,4055.0,4.0,31.0,22.0
276,Talladora Phauter,2025-04-22 22:23:00,2945.0,7.0,33.0,11.0
276,Talladora Phauter,2025-04-23 14:13:00,774.0,0.0,10.0,8.0
276,Talladora Phauter,2025-04-23 15:34:00,0.0,0.0,38.0,2.0
276,Talladora Phauter,2025-04-28 10:56:00,4261.0,7.0,23.0,17.0
276,Talladora Phauter,2025-04-30 02:26:00,1407.0,0.0,30.0,5.0
276,Talladora Phauter,2025-05-05 16:34:00,2583.0,0.0,38.0,10.0
276,Talladora Phauter,2025-05-07 17:44:00,2916.0,1.0,82.0,11.0
276,Talladora Phauter,2025-05-09 00:49:00,1638.0,0.0,48.0,9.0
276,Talladora Phauter,2025-05-12 09:55:00,1333.0,0.0,46.0,8.0
276,Talladora Phauter,2025-05-13 00:20:00,1200.0,0.0,43.0,5.0
276,Talladora Phauter,2025-05-13 15:00:00,718.0,7.0,33.0,4.0
276,Talladora Phauter,2025-05-13 20:15:00,350.0,0.0,19.0,2.0
276,Talladora Phauter,2025-05-20 23:42:00,4728.0,20.0,42.0,18.0
276,Talladora Phauter,2025-05-22 19:29:00,2675.0,0.0,77.0,9.0
276,Talladora Phauter,2025-05-23 08:08:00,976.0,24.0,41.0,4.0
276,Talladora Phauter,2025-05-26 16:28:00,1495.0,3.0,48.0,6.0
276,Talladora Phauter,2025-05-26 22:10:00,480.0,0.0,35.0,3.0
276,Talladora Phauter,2025-05-27 15:02:00,820.0,0.0,27.0,4.0
276,Talladora Phauter,2025-05-27 16:44:00,0.0,0.0,35.0,2.0
276,Talladora Phauter,2025-06-02 17:20:00,3926.0,5.0,21.0,21.0
276,Talladora Phauter,2025-06-04 04:00:00,2015.0,1.0,27.0,7.0
276,Talladora Phauter,2025-06-10 20:02:00,2851.0,0.0,25.0,15.0
276,Talladora Phauter,2025-06-12 20:30:00,2889.0,0.0,34.0,12.0
276,Talladora Phauter,2025-06-18 11:15:00,5193.0,2.0,26.0,22.0
276,Talladora Phauter,2025-06-24 19:41:00,4820.0,6.0,16.0,27.0
276,Talladora Phauter,2025-06-26 16:50:00,3129.0,0.0,25.0,10.0
276,Talladora Phauter,2025-07-01 08:39:00,2667.0,0.0,13.0,11.0
276,Talladora Phauter,2025-07-16 01:29:00,7557.0,0.0,49.0,28.0
276,Talladora Phauter,2025-07-17 22:42:00,1940.0,0.0,27.0,7.0
276,Talladora Phauter,2025-07-29 09:39:00,2400.0,0.0,43.0,9.0
276,Talladora Phauter,2025-07-30 01:09:00,460.0,0.0,25.0,2.0
276,Talladora Phauter,2025-08-05 01:19:00,776.0,0.0,24.0,5.0
276,Talladora Phauter,2025-08-19 03:51:00,4054.0,1.0,20.0,32.0
276,Talladora Phauter,2025-08-21 23:31:00,2958.0,3.0,10.0,13.0
276,Talladora Phauter,2025-08-25 04:34:00,977.0,10.0,13.0,6.0
276,Talladora Phauter,2025-08-28 01:11:00,2098.0,0.0,16.0,11.0
302,Talladora302,2025-01-08 00:09:00,342.0,0.0,7.0,2.0
302,Talladora302,2025-01-22 05:45:00,7424.0,268.0,17.0,67.0
302,Talladora302,2025-02-13 05:12:00,5982.0,172.0,35.0,54.0
302,Talladora302,2025-02-18 18:58:00,2222.0,88.0,57.0,17.0
302,Talladora302,2025-02-25 04:24:00,1218.0,36.0,31.0,12.0
302,Talladora302,2025-03-26 08:25:00,3935.0,91.0,32.0,38.0
302,Talladora302,2025-03-27 01:25:00,182.0,0.0,51.0,3.0
302,Talladora302,2025-03-28 04:04:00,273.0,0.0,72.0,5.0
302,Talladora302,2025-04-28 08:52:00,3617.0,63.0,57.0,122.0
302,Talladora302,2025-04-30 02:55:00,540.0,0.0,13.0,4.0
302,Talladora302,2025-05-14 04:21:00,3701.0,29.0,17.0,33.0
302,Talladora302,2025-05-20 06:18:00,3763.0,30.0,59.0,23.0
302,Talladora302,2025-05-21 20:24:00,1286.0,0.0,16.0,8.0
302,Talladora302,2025-06-02 11:17:00,4518.0,34.0,29.0,57.0
302,Talladora302,2025-06-02 11:58:00,0.0,0.0,5.0,1.0
302,Talladora302,2025-06-02 17:56:00,176.0,0.0,75.0,7.0
302,Talladora302,2025-06-10 02:14:00,4782.0,10.0,33.0,28.0
302,Talladora302,2025-06-30 08:55:00,8488.0,40.0,35.0,46.0
302,Talladora302,2025-07-07 22:00:00,3298.0,34.0,91.0,22.0
302,Talladora302,2025-07-17 02:36:00,4658.0,32.0,22.0,27.0
302,Talladora302,2025-09-01 19:38:00,7639.0,106.0,15.0,55.0
