work_order_id,ref_id_str,cantidad_lanzada,cantidad_final_ok,scrap_total,tiempo_total_min,primera_fase_ts,ultima_fase_ts,y_fabricacion_min,incidencias_duracion_total,scrap_rate,yield_ok,fabricacion_dias,incidencias_horas,duracion_min_por_ud,ops_count,ops_unique,duracion_ops_min,scrap_ops_total,op,dur_min_aplanado,dur_min_calibrado,dur_min_calibrar_fri,dur_min_curvado_cort,dur_min_curvar_corta,dur_min_entrada_de_d,dur_min_granallado,dur_min_normalizado,dur_min_rectificado,dur_min_sacar_entrad,dur_min_soldadura_re,dur_min_soldar_rebab,dur_min_tallado,dur_min_tallar,dur_min_templar_por,dur_min_temple_reven,dur_min_torneado,dur_min_aplanado_por_ud,dur_min_calibrado_por_ud,dur_min_calibrar_fri_por_ud,dur_min_curvado_cort_por_ud,dur_min_curvar_corta_por_ud,dur_min_entrada_de_d_por_ud,dur_min_granallado_por_ud,dur_min_normalizado_por_ud,dur_min_rectificado_por_ud,dur_min_sacar_entrad_por_ud,dur_min_soldadura_re_por_ud,dur_min_soldar_rebab_por_ud,dur_min_tallado_por_ud,dur_min_tallar_por_ud,dur_min_templar_por_por_ud,dur_min_temple_reven_por_ud,dur_min_torneado_por_ud,scrap_aplanado,scrap_calibrado,scrap_calibrar_fri,scrap_curvado_cort,scrap_curvar_corta,scrap_entrada_de_d,scrap_granallado,scrap_normalizado,scrap_rectificado,scrap_sacar_entrad,scrap_soldadura_re,scrap_soldar_rebab,scrap_tallado,scrap_tallar,scrap_templar_por,scrap_temple_reven,scrap_torneado
24/0712,031100,9753,9620,133,32153,2025-01-07 02:03:00,2025-01-23 00:26:00,22943,1589,0.013636829693427664,0.9863631703065724,15.932638888888889,26.483333333333334,2.352404388393315,8,8,32153.0,133.0,CURVADO-CORT > SOLDADURA-RE > NORMALIZADO > GRANALLADO > CALIBRADO > TALLADO > ENTRADA DE D > RECTIFICADO,,1299.0,,1565.0,,6124.0,1028.0,1026.0,5604.0,,3340.0,,12167.0,,,,,,0.13318978775761303,,0.16046344714446836,,0.627909361222188,0.10540346560032811,0.10519840049215626,0.5745924330975084,,0.3424587306469804,,1.2475135855634163,,,,,,0.0,,30.0,,21.0,0.0,0.0,44.0,,16.0,,22.0,,,,
24/0722,008091,2596,2525,71,11508,2025-01-16 06:54:00,2025-02-07 15:01:00,32167,1929,0.027349768875192602,0.9726502311248074,22.338194444444444,32.15,12.390986132511557,8,8,11508.0,71.0,CURVADO-CORT > SOLDADURA-RE > NORMALIZADO > GRANALLADO > CALIBRADO > TALLADO > TEMPLE-REVEN > RECTIFICADO,,783.0,,368.0,,,395.0,395.0,2109.0,,953.0,,4472.0,,,2033.0,,,0.30161787365177195,,0.14175654853620956,,,0.15215716486902928,0.15215716486902928,0.8124036979969184,,0.3671032357473035,,1.7226502311248073,,,0.7831278890600925,,,0.0,,8.0,,,0.0,0.0,13.0,,9.0,,35.0,,,6.0,
24/0728,092901,1000,953,47,3435,2025-01-08 16:17:00,2025-04-07 13:54:00,128017,438,0.047,0.953,88.90069444444444,7.3,128.017,5,5,3435.0,47.0,CURVADO-CORT > SOLDADURA-RE > GRANALLADO > CALIBRADO > TORNEADO,,609.0,,710.0,,,149.0,,,,699.0,,,,,,1268.0,,0.609,,0.71,,,0.149,,,,0.699,,,,,,1.268,,0.0,,33.0,,,0.0,,,,14.0,,,,,,0.0
24/0733,124203,9247,9149,98,41450,2025-01-09 07:35:00,2025-02-07 20:44:00,42549,5448,0.010598031794095382,0.9894019682059046,29.547916666666666,90.8,4.6013842327241266,8,8,41450.0,98.0,CURVADO-CORT > SOLDADURA-RE > NORMALIZADO > GRANALLADO > CALIBRADO > TALLADO > TORNEADO > RECTIFICADO,,4356.0,,1853.0,,,1394.0,1391.0,8580.0,,3938.0,,12805.0,,,,7133.0,,0.4710716989293825,,0.20038931545366065,,,0.1507515951119282,0.15042716556721097,0.927868497891208,,0.42586784903211855,,1.384773440034606,,,,0.7713853141559425,,2.0,,0.0,,,0.0,0.0,47.0,,12.0,,20.0,,,,17.0
24/0734,124203,2639,2614,25,11135,2025-01-15 12:09:00,2025-02-20 05:58:00,51469,1388,0.009473285335354301,0.9905267146646457,35.74236111111111,23.133333333333333,19.50322091701402,8,8,11135.0,25.0,CURVADO-CORT > SOLDADURA-RE > NORMALIZADO > GRANALLADO > CALIBRADO > TALLADO > TORNEADO > RECTIFICADO,,612.0,,755.0,,,394.0,395.0,2778.0,,956.0,,2946.0,,,,2299.0,,0.2319060250094733,,0.28609321712769986,,,0.1492989768851838,0.14967790829859795,1.05267146646457,,0.36225843122394846,,1.1163319439181507,,,,0.8711633194391815,,0.0,,6.0,,,0.0,0.0,13.0,,5.0,,1.0,,,,0.0
24/0735,902081,2869,2559,310,24345,2025-01-08 12:05:00,2025-01-27 23:06:00,28021,5703,0.10805158591843848,0.8919484140815616,19.459027777777777,95.05,9.766817706517951,9,9,24345.0,310.0,CURVADO-CORT > SOLDADURA-RE > GRANALLADO > NORMALIZADO > CALIBRADO > TALLADO > ENTRADA DE D > TEMPLE-REVEN > RECTIFICADO,,993.0,,513.0,,6627.0,430.0,429.0,3526.0,,1535.0,,7808.0,,,2484.0,,,0.34611362844196586,,0.17880794701986755,,2.3098640641338446,0.14987800627396305,0.14952945277100035,1.2289996514464971,,0.5350296270477518,,2.7215057511327987,,,0.8658069013593587,,,0.0,,0.0,,2.0,0.0,0.0,248.0,,17.0,,28.0,,,15.0,
24/0736,902081,1325,1262,63,10415,2025-01-13 09:55:00,2025-02-07 05:31:00,35736,1672,0.047547169811320754,0.9524528301886792,24.816666666666666,27.866666666666667,26.97056603773585,9,9,10415.0,63.0,CURVADO-CORT > SOLDADURA-RE > NORMALIZADO > GRANALLADO > CALIBRADO > TALLADO > ENTRADA DE D > TEMPLE-REVEN > RECTIFICADO,,495.0,,238.0,,2854.0,233.0,231.0,1484.0,,464.0,,3158.0,,,1258.0,,,0.37358490566037733,,0.17962264150943397,,2.1539622641509433,0.1758490566037736,0.17433962264150943,1.12,,0.350188679245283,,2.3833962264150945,,,0.9494339622641509,,,0.0,,7.0,,10.0,0.0,0.0,7.0,,0.0,,39.0,,,0.0,
24/0740,913600,3324,2889,435,14891,2025-02-12 20:42:00,2025-06-20 00:36:00,183114,2401,0.13086642599277978,0.8691335740072202,127.1625,40.016666666666666,55.088447653429604,9,9,14891.0,435.0,CURVAR-CORTA > SOLDAR-REBAB > NORMALIZADO > GRANALLADO > CALIBRAR FRI > TALLAR > SACAR ENTRAD > TEMPLAR POR > RECTIFICADO,,,192.0,,426.0,,1200.0,463.0,2211.0,3933.0,,1155.0,,3691.0,1620.0,,,,,0.05776173285198556,,0.12815884476534295,,0.36101083032490977,0.13929001203369434,0.6651624548736462,1.1832129963898916,,0.34747292418772563,,1.1104091456077017,0.48736462093862815,,,,,0.0,,7.0,,0.0,0.0,20.0,26.0,,10.0,,16.0,356.0,,
24/0744,081GJ1,3283,3226,57,10948,2025-01-07 10:53:00,2025-01-28 01:55:00,29702,2118,0.017362168748096252,0.9826378312519037,20.62638888888889,35.3,9.047212915016752,8,8,10948.0,57.0,CURVADO-CORT > SOLDADURA-RE > NORMALIZADO > GRANALLADO > TALLADO > CALIBRADO > TEMPLE-REVEN > RECTIFICADO,,779.0,,407.0,,,362.0,361.0,1090.0,,1229.0,,4196.0,,,2524.0,,,0.23728297289064879,,0.12397197685044167,,,0.11026500152299726,0.10996040207127628,0.33201340237587573,,0.3743527261650929,,1.278099299421261,,,0.768809016143771,,,0.0,,0.0,,,0.0,0.0,11.0,,11.0,,26.0,,,9.0,
24/0745,081290,2294,2241,53,9350,2025-01-16 21:56:00,2025-02-06 09:44:00,29508,705,0.023103748910200523,0.9768962510897995,20.491666666666667,11.75,12.86312118570183,8,8,9350.0,53.0,CURVADO-CORT > SOLDADURA-RE > NORMALIZADO > GRANALLADO > CALIBRADO > TALLADO > ENTRADA DE D > RECTIFICADO,,325.0,,483.0,,2469.0,238.0,240.0,2035.0,,926.0,,2634.0,,,,,,0.14167393199651265,,0.2105492589363557,,1.0762859633827375,0.1037489102005231,0.1046207497820401,0.8870967741935484,,0.4036617262423714,,1.14821272885789,,,,,,0.0,,0.0,,5.0,0.0,0.0,12.0,,4.0,,32.0,,,,
24/0754,081147,6640,6467,173,20411,2025-01-13 13:54:00,2025-01-28 12:40:00,21526,3372,0.02605421686746988,0.9739457831325301,14.948611111111111,56.2,3.241867469879518,7,7,20411.0,173.0,CURVADO-CORT > SOLDADURA-RE > NORMALIZADO > GRANALLADO > CALIBRADO > TALLADO > RECTIFICADO,,1241.0,,1421.0,,,1278.0,1280.0,4860.0,,2316.0,,8015.0,,,,,,0.1868975903614458,,0.21400602409638556,,,0.1924698795180723,0.1927710843373494,0.7319277108433735,,0.34879518072289156,,1.207078313253012,,,,,,7.0,,3.0,,,0.0,0.0,73.0,,7.0,,83.0,,,,
24/0755,081147,3822,3791,31,10543,2025-01-14 21:56:00,2025-01-29 23:59:00,21723,1251,0.008110936682365254,0.9918890633176347,15.085416666666667,20.85,5.683673469387755,7,7,10543.0,31.0,CURVADO-CORT > SOLDADURA-RE > NORMALIZADO > GRANALLADO > CALIBRADO > TALLADO > RECTIFICADO,,630.0,,689.0,,,542.0,541.0,2118.0,,1354.0,,4669.0,,,,,,0.16483516483516483,,0.18027210884353742,,,0.14181057038199896,0.14154892726321297,0.554160125588697,,0.35426478283621143,,1.2216117216117217,,,,,,0.0,,0.0,,,0.0,0.0,20.0,,6.0,,5.0,,,,
24/0756,081GJ1,4076,3986,90,12564,2025-01-16 00:44:00,2025-02-07 07:25:00,32081,2149,0.022080471050049066,0.9779195289499509,22.278472222222224,35.81666666666667,7.870706575073601,8,8,12564.0,90.0,CURVADO-CORT > SOLDADURA-RE > NORMALIZADO > GRANALLADO > CALIBRADO > TALLADO > TEMPLE-REVEN > RECTIFICADO,,775.0,,634.0,,,451.0,453.0,3124.0,,1616.0,,3254.0,,,2257.0,,,0.19013738959764476,,0.15554465161923453,,,0.11064769381746811,0.11113837095191365,0.7664376840039254,,0.39646712463199213,,0.7983316977428851,,,0.553729146221786,,,0.0,,7.0,,,0.0,0.0,8.0,,26.0,,38.0,,,11.0,
24/0764,091232,5000,4936,64,15648,2025-01-20 13:58:00,2025-08-05 21:49:00,284151,1755,0.0128,0.9872,197.32708333333332,29.25,56.8302,8,8,15648.0,64.0,CURVADO-CORT > SOLDADURA-RE > NORMALIZADO > GRANALLADO > CALIBRADO > TALLADO > TEMPLE-REVEN > RECTIFICADO,,743.0,,828.0,,,566.0,569.0,3409.0,,1742.0,,4929.0,,,2862.0,,,0.1486,,0.1656,,,0.1132,0.1138,0.6818,,0.3484,,0.9858,,,0.5724,,,1.0,,8.0,,,0.0,0.0,4.0,,14.0,,32.0,,,5.0,
24/0765,091232,3686,3672,14,10808,2025-01-22 14:05:00,2025-02-06 04:45:00,21040,1360,0.0037981551817688553,0.9962018448182312,14.61111111111111,22.666666666666668,5.708084644601194,8,8,10808.0,14.0,CURVADO-CORT > SOLDADURA-RE > NORMALIZADO > GRANALLADO > CALIBRADO > TALLADO > TEMPLE-REVEN > RECTIFICADO,,675.0,,613.0,,,384.0,385.0,2534.0,,1141.0,,3081.0,,,1995.0,,,0.18312533912099838,,0.16630493760173629,,,0.10417797069994574,0.10444926749864351,0.6874660879001627,,0.3095496473141617,,0.8358654367878459,,,0.5412371134020618,,,0.0,,0.0,,,0.0,0.0,0.0,,3.0,,6.0,,,5.0,
24/0766,124203,2639,2614,25,11754,2025-01-23 17:29:00,2025-02-20 10:26:00,39897,1020,0.009473285335354301,0.9905267146646457,27.70625,17.0,15.118226600985222,8,8,11754.0,25.0,CURVADO-CORT > SOLDADURA-RE > NORMALIZADO > GRANALLADO > CALIBRADO > TALLADO > TORNEADO > RECTIFICADO,,791.0,,513.0,,,809.0,161.0,2772.0,,976.0,,3566.0,,,,2166.0,,0.29973474801061006,,0.19439181508147024,,,0.30655551345206516,0.0610079575596817,1.0503978779840848,,0.3698370594922319,,1.3512694202349376,,,,0.8207654414550967,,0.0,,0.0,,,0.0,0.0,5.0,,12.0,,1.0,,,,7.0
24/0771,124203,1320,1306,14,5568,2025-01-23 13:57:00,2025-02-21 09:20:00,41483,409,0.010606060606060607,0.9893939393939394,28.80763888888889,6.816666666666666,31.42651515151515,8,8,5568.0,14.0,CURVADO-CORT > SOLDADURA-RE > NORMALIZADO > GRANALLADO > CALIBRADO > TALLADO > TORNEADO > RECTIFICADO,,322.0,,212.0,,,222.0,222.0,1374.0,,570.0,,1625.0,,,,1021.0,,0.24393939393939393,,0.1606060606060606,,,0.16818181818181818,0.16818181818181818,1.040909090909091,,0.4318181818181818,,1.231060606060606,,,,0.7734848484848484,,1.0,,0.0,,,0.0,0.0,2.0,,7.0,,4.0,,,,0.0
24/0772,124203,4568,4478,90,21100,2025-01-29 10:47:00,2025-02-27 13:55:00,41948,3859,0.019702276707530646,0.9802977232924693,29.130555555555556,64.31666666666666,9.183012259194395,8,8,21100.0,90.0,CURVADO-CORT > SOLDADURA-RE > NORMALIZADO > GRANALLADO > CALIBRADO > TALLADO > TORNEADO > RECTIFICADO,,2469.0,,871.0,,,483.0,391.0,5546.0,,1700.0,,6614.0,,,,3026.0,,0.5404991243432574,,0.19067425569176882,,,0.10573555166374782,0.0855954465849387,1.2140980735551663,,0.37215411558669004,,1.4478984238178634,,,,0.6624343257443083,,1.0,,0.0,,,0.0,0.0,29.0,,2.0,,39.0,,,,19.0
24/0773,081806,5000,4826,174,19818,2025-01-27 15:55:00,2025-02-06 09:23:00,14008,1804,0.0348,0.9652,9.727777777777778,30.066666666666666,2.8016,6,6,19818.0,174.0,CURVADO-CORT > SOLDADURA-RE > NORMALIZADO > GRANALLADO > TEMPLE-REVEN > TALLADO,,,,2032.0,,,1366.0,1366.0,,,3716.0,,6780.0,,,4558.0,,,,,0.4064,,,0.2732,0.2732,,,0.7432,,1.356,,,0.9116,,,,,12.0,,,0.0,0.0,,,26.0,,102.0,,,34.0,
24/0774,081806,1778,1763,15,6277,2025-01-28 16:09:00,2025-02-14 17:32:00,24563,678,0.00843644544431946,0.9915635545556806,17.05763888888889,11.3,13.81496062992126,8,8,6277.0,15.0,CURVADO-CORT > SOLDADURA-RE > GRANALLADO > NORMALIZADO > CALIBRADO > TALLADO > TEMPLE-REVEN > RECTIFICADO,,119.0,,270.0,,,267.0,266.0,1912.0,,578.0,,1713.0,,,1152.0,,,0.06692913385826772,,0.15185601799775028,,,0.15016872890888638,0.14960629921259844,1.0753655793025871,,0.3250843644544432,,0.9634420697412823,,,0.6479190101237345,,,0.0,,0.0,,,0.0,0.0,7.0,,0.0,,0.0,,,8.0,
24/0776,081290,3300,3274,26,11660,2025-01-28 04:42:00,2025-02-10 08:17:00,18935,940,0.00787878787878788,0.9921212121212121,13.149305555555555,15.666666666666666,5.737878787878788,8,8,11660.0,26.0,CURVADO-CORT > SOLDADURA-RE > NORMALIZADO > GRANALLADO > CALIBRADO > TALLADO > ENTRADA DE D > RECTIFICADO,,767.0,,435.0,,3262.0,309.0,306.0,2058.0,,1166.0,,3357.0,,,,,,0.23242424242424242,,0.1318181818181818,,0.9884848484848485,0.09363636363636364,0.09272727272727273,0.6236363636363637,,0.35333333333333333,,1.0172727272727273,,,,,,0.0,,2.0,,1.0,0.0,0.0,18.0,,5.0,,0.0,,,,
24/0777,081290,3406,3354,52,12547,2025-01-28 20:40:00,2025-04-01 00:09:00,89489,1034,0.015267175572519083,0.9847328244274809,62.14513888888889,17.233333333333334,26.27392836171462,8,8,12547.0,52.0,CURVADO-CORT > SOLDADURA-RE > GRANALLADO > NORMALIZADO > CALIBRADO > TALLADO > ENTRADA DE D > RECTIFICADO,,454.0,,471.0,,3876.0,362.0,361.0,2202.0,,1166.0,,3655.0,,,,,,0.13329418672930124,,0.138285378743394,,1.1379917792131533,0.10628302994715208,0.10598943041691133,0.6465061655901351,,0.34233705226071637,,1.0731062830299471,,,,,,0.0,,7.0,,3.0,0.0,0.0,40.0,,2.0,,0.0,,,,
24/0778,124203,4636,4552,84,21041,2025-01-30 10:32:00,2025-03-05 13:13:00,49121,2627,0.0181190681622088,0.9818809318377912,34.111805555555556,43.78333333333333,10.59555651423641,8,8,21041.0,84.0,CURVADO-CORT > SOLDADURA-RE > NORMALIZADO > GRANALLADO > CALIBRADO > TALLADO > TORNEADO > RECTIFICADO,,1186.0,,857.0,,,705.0,704.0,4821.0,,1668.0,,6554.0,,,,4546.0,,0.2558239861949957,,0.1848576358930112,,,0.15207075064710956,0.15185504745470232,1.0399050905953409,,0.359792924935289,,1.4137187230371009,,,,0.9805867126833477,,0.0,,0.0,,,0.0,0.0,14.0,,6.0,,44.0,,,,20.0
24/0780,081806,3058,3012,46,9733,2025-02-03 21:57:00,2025-03-05 05:06:00,42189,440,0.015042511445389144,0.9849574885546108,29.297916666666666,7.333333333333333,13.79627207325049,8,8,9733.0,46.0,CURVADO-CORT > SOLDADURA-RE > NORMALIZADO > GRANALLADO > CALIBRADO > TALLADO > TEMPLE-REVEN > RECTIFICADO,,722.0,,485.0,,,505.0,990.0,1525.0,,1144.0,,2615.0,,,1747.0,,,0.23610202746893394,,0.15860039241334206,,,0.16514061478090256,0.3237410071942446,0.4986919555264879,,0.37410071942446044,,0.855134074558535,,,0.5712884238064094,,,0.0,,12.0,,,0.0,0.0,0.0,,2.0,,20.0,,,12.0,
24/0781,081602,1971,1902,69,8725,2025-02-18 04:55:00,2025-03-19 17:41:00,42526,1602,0.0350076103500761,0.9649923896499238,29.531944444444445,26.7,21.575849822425166,7,7,8725.0,69.0,CURVADO-CORT > SOLDADURA-RE > NORMALIZADO > GRANALLADO > CALIBRADO > TALLADO > RECTIFICADO,,848.0,,291.0,,,258.0,259.0,2967.0,,737.0,,3365.0,,,,,,0.4302384576357179,,0.1476407914764079,,,0.1308980213089802,0.13140537798072044,1.5053272450532724,,0.373921867072552,,1.7072552004058854,,,,,,0.0,,0.0,,,0.0,0.0,7.0,,5.0,,57.0,,,,
24/0782,031100,3840,3780,60,13295,2025-02-07 15:05:00,2025-03-04 22:09:00,36424,873,0.015625,0.984375,25.294444444444444,14.55,9.485416666666667,8,8,13295.0,60.0,CURVADO-CORT > SOLDADURA-RE > NORMALIZADO > GRANALLADO > CALIBRADO > TALLADO > ENTRADA DE D > RECTIFICADO,,597.0,,654.0,,2416.0,363.0,362.0,2094.0,,1559.0,,5250.0,,,,,,0.15546875,,0.1703125,,0.6291666666666667,0.09453125,0.09427083333333333,0.5453125,,0.40598958333333335,,1.3671875,,,,,,0.0,,4.0,,0.0,0.0,0.0,51.0,,5.0,,0.0,,,,
24/0784,124203,7813,7706,107,33733,2025-02-17 10:28:00,2025-03-13 07:59:00,34411,4917,0.013695123512095226,0.9863048764879048,23.896527777777777,81.95,4.404326123128119,8,8,33733.0,107.0,CURVADO-CORT > SOLDADURA-RE > NORMALIZADO > GRANALLADO > CALIBRADO > TALLADO > TORNEADO > RECTIFICADO,,2459.0,,1748.0,,,832.0,185.0,7837.0,,3006.0,,10696.0,,,,6970.0,,0.31473185716114166,,0.22372968130039678,,,0.1064891846921797,0.023678484576987072,1.003071803404582,,0.3847433764239089,,1.3690003839754257,,,,0.8921029054140535,,2.0,,0.0,,,0.0,0.0,27.0,,19.0,,40.0,,,,19.0
24/0789,081803,5307,5237,70,20834,2025-02-25 16:15:00,2025-05-05 17:35:00,99440,2857,0.013190126248351234,0.9868098737516487,69.05555555555556,47.61666666666667,18.73751648765781,9,9,20834.0,70.0,CURVADO-CORT > SOLDADURA-RE > NORMALIZADO > GRANALLADO > CALIBRADO > TALLADO > ENTRADA DE D > RECTIFICADO > TEMPLE-REVEN,,870.0,,728.0,,5130.0,640.0,641.0,3578.0,,1902.0,,4338.0,,,3007.0,,,0.16393442622950818,,0.13717731298285282,,0.966647823629169,0.12059543998492557,0.12078387035990201,0.6742038816657245,,0.3583945732052007,,0.8174109666478236,,,0.5666101375541738,,,0.0,,8.0,,29.0,0.0,0.0,14.0,,9.0,,0.0,,,10.0,
24/0791,003800,2829,2761,68,7638,2025-02-26 22:57:00,2025-05-23 10:36:00,123099,929,0.024036762106751503,0.9759632378932485,85.48541666666667,15.483333333333333,43.513255567338284,8,8,7638.0,68.0,CURVADO-CORT > SOLDADURA-RE > NORMALIZADO > GRANALLADO > CALIBRADO > TALLADO > TEMPLE-REVEN > RECTIFICADO,,414.0,,484.0,,,258.0,258.0,2037.0,,1306.0,,1574.0,,,1307.0,,,0.14634146341463414,,0.1710851891127607,,,0.0911983032873807,0.0911983032873807,0.7200424178154825,,0.46164722516790385,,0.5563803464121597,,,0.46200070696359136,,,0.0,,0.0,,,0.0,0.0,5.0,,18.0,,38.0,,,7.0,
24/0792,124203,7819,7654,165,29232,2025-02-27 20:02:00,2025-03-25 19:01:00,37379,5096,0.021102442767617344,0.9788975572323827,25.957638888888887,84.93333333333334,4.780534595216779,7,7,29232.0,165.0,CURVADO-CORT > SOLDADURA-RE > NORMALIZADO > GRANALLADO > CALIBRADO > TALLADO > RECTIFICADO,,2445.0,,1666.0,,,1174.0,1175.0,7588.0,,3144.0,,12040.0,,,,,,0.3126998337383297,,0.21307072515666964,,,0.15014707763141066,0.15027497122394168,0.9704565801253358,,0.40209745491750865,,1.539838854073411,,,,,,2.0,,12.0,,,0.0,0.0,98.0,,16.0,,37.0,,,,
24/0793,091232,2430,2420,10,7368,2025-02-27 14:01:00,2025-03-20 00:16:00,29415,564,0.00411522633744856,0.9958847736625515,20.427083333333332,9.4,12.104938271604938,8,8,7368.0,10.0,CURVADO-CORT > SOLDADURA-RE > NORMALIZADO > GRANALLADO > CALIBRADO > TALLADO > TEMPLE-REVEN > RECTIFICADO,,330.0,,360.0,,,253.0,253.0,1982.0,,947.0,,1957.0,,,1286.0,,,0.13580246913580246,,0.14814814814814814,,,0.10411522633744856,0.10411522633744856,0.8156378600823045,,0.3897119341563786,,0.8053497942386831,,,0.5292181069958848,,,0.0,,5.0,,,0.0,0.0,0.0,,4.0,,0.0,,,1.0,
24/0794,091700,2300,2286,14,3789,2025-02-28 02:53:00,2025-03-18 20:22:00,26969,454,0.00608695652173913,0.9939130434782608,18.728472222222223,7.566666666666666,11.725652173913044,4,4,3789.0,14.0,CURVADO-CORT > SOLDADURA-RE > CALIBRADO > TORNEADO,,496.0,,378.0,,,,,,,882.0,,,,,,2033.0,,0.21565217391304348,,0.16434782608695653,,,,,,,0.3834782608695652,,,,,,0.8839130434782608,,0.0,,0.0,,,,,,,3.0,,,,,,11.0
24/0797,818500,500,488,12,3689,2025-03-25 00:04:00,2025-06-19 11:00:00,124496,627,0.024,0.976,86.45555555555555,10.45,248.992,7,7,3689.0,12.0,CURVADO-CORT > NORMALIZADO > GRANALLADO > CALIBRADO > TALLADO > TORNEADO > TEMPLE-REVEN,,343.0,,111.0,,,114.0,113.0,,,,,1297.0,,,440.0,1271.0,,0.686,,0.222,,,0.228,0.226,,,,,2.594,,,0.88,2.542,,0.0,,8.0,,,0.0,0.0,,,,,0.0,,,1.0,3.0
24/0799,091232,4591,4547,44,14508,2025-05-07 06:00:00,2025-05-28 16:56:00,30896,1403,0.00958396863428447,0.9904160313657155,21.455555555555556,23.383333333333333,6.729688521019386,8,8,14508.0,44.0,CURVADO-CORT > SOLDADURA-RE > NORMALIZADO > GRANALLADO > CALIBRADO > TALLADO > TEMPLE-REVEN > RECTIFICADO,,767.0,,651.0,,,520.0,521.0,3351.0,,1617.0,,4389.0,,,2692.0,,,0.16706599869309519,,0.14179917229361794,,,0.11326508385972554,0.11348290132868656,0.7299063384883467,,0.3522108473099543,,0.9560008712698759,,,0.5863646264430408,,,0.0,,3.0,,,0.0,0.0,8.0,,19.0,,4.0,,,10.0,
25/0019,081602,1830,1808,22,7357,2025-02-19 06:51:00,2025-04-09 19:00:00,71289,1386,0.012021857923497269,0.9879781420765027,49.50625,23.1,38.955737704918036,7,7,7357.0,22.0,CURVADO-CORT > SOLDADURA-RE > NORMALIZADO > GRANALLADO > CALIBRADO > TALLADO > RECTIFICADO,,690.0,,265.0,,,245.0,245.0,2222.0,,594.0,,3096.0,,,,,,0.3770491803278688,,0.1448087431693989,,,0.13387978142076504,0.13387978142076504,1.214207650273224,,0.32459016393442625,,1.6918032786885246,,,,,,0.0,,0.0,,,0.0,0.0,6.0,,0.0,,16.0,,,,
25/0022,904802,3248,3193,55,16967,2025-02-02 21:58:00,2025-02-27 09:17:00,35239,2851,0.016933497536945813,0.9830665024630542,24.471527777777776,47.516666666666666,10.849445812807883,8,8,16967.0,55.0,CURVADO-CORT > SOLDADURA-RE > GRANALLADO > NORMALIZADO > CALIBRADO > TALLADO > TEMPLE-REVEN > RECTIFICADO,,1066.0,,483.0,,,608.0,608.0,3816.0,,1458.0,,6376.0,,,2552.0,,,0.32820197044334976,,0.14870689655172414,,,0.18719211822660098,0.18719211822660098,1.1748768472906403,,0.44889162561576357,,1.9630541871921183,,,0.7857142857142857,,,0.0,,0.0,,,0.0,0.0,5.0,,12.0,,24.0,,,14.0,
25/0024,081906,4000,3969,31,13922,2025-02-04 15:24:00,2025-02-17 19:46:00,18982,1730,0.00775,0.99225,13.181944444444444,28.833333333333332,4.7455,7,7,13922.0,31.0,CURVADO-CORT > SOLDADURA-RE > NORMALIZADO > GRANALLADO > CALIBRADO > TALLADO > RECTIFICADO,,1364.0,,705.0,,,555.0,555.0,4105.0,,1721.0,,4917.0,,,,,,0.341,,0.17625,,,0.13875,0.13875,1.02625,,0.43025,,1.22925,,,,,,0.0,,2.0,,,0.0,0.0,10.0,,5.0,,14.0,,,,
25/0025,081303,6000,5771,229,17289,2025-02-05 09:45:00,2025-02-26 23:15:00,31050,4195,0.03816666666666667,0.9618333333333333,21.5625,69.91666666666667,5.175,7,7,17289.0,229.0,CURVADO-CORT > SOLDADURA-RE > NORMALIZADO > GRANALLADO > CALIBRADO > TALLADO > RECTIFICADO,,1002.0,,778.0,,,842.0,853.0,5648.0,,2417.0,,5749.0,,,,,,0.167,,0.12966666666666668,,,0.14033333333333334,0.14216666666666666,0.9413333333333334,,0.4028333333333333,,0.9581666666666667,,,,,,0.0,,7.0,,,0.0,0.0,121.0,,38.0,,63.0,,,,
25/0026,081303,6201,6046,155,15103,2025-02-06 10:25:00,2025-02-25 01:28:00,26823,2451,0.024995968392194808,0.9750040316078052,18.627083333333335,40.85,4.3255926463473635,7,7,15103.0,155.0,CURVADO-CORT > SOLDADURA-RE > GRANALLADO > NORMALIZADO > CALIBRADO > TALLADO > RECTIFICADO,,1026.0,,1063.0,,,872.0,873.0,3445.0,,2658.0,,5166.0,,,,,,0.16545718432510886,,0.17142396387679407,,,0.14062248024512175,0.14078374455732948,0.5555555555555556,,0.42864054184808903,,0.8330914368650217,,,,,,1.0,,0.0,,,0.0,0.0,53.0,,61.0,,40.0,,,,
25/0028,081103,5474,5190,284,21814,2025-02-05 16:04:00,2025-02-28 06:09:00,32525,7446,0.05188162221410303,0.9481183777858969,22.586805555555557,124.1,5.941724515893314,8,8,21814.0,284.0,CURVADO-CORT > SOLDADURA-RE > NORMALIZADO > GRANALLADO > CALIBRADO > TALLADO > TEMPLE-REVEN > RECTIFICADO,,817.0,,700.0,,,511.0,513.0,5269.0,,1939.0,,7180.0,,,4885.0,,,0.14925100474972597,,0.1278772378516624,,,0.09335038363171355,0.09371574716843259,0.9625502374862989,,0.35421994884910485,,1.3116550968213372,,,0.8924004384362441,,,0.0,,3.0,,,0.0,0.0,111.0,,18.0,,130.0,,,22.0,
25/0031,031100,5425,5331,94,18760,2025-02-11 00:45:00,2025-03-13 04:56:00,43451,1216,0.017327188940092168,0.9826728110599078,30.174305555555556,20.266666666666666,8.009400921658987,8,8,18760.0,94.0,CURVADO-CORT > SOLDADURA-RE > NORMALIZADO > GRANALLADO > CALIBRADO > TALLADO > ENTRADA DE D > RECTIFICADO,,680.0,,677.0,,3496.0,545.0,543.0,3089.0,,1940.0,,7790.0,,,,,,0.12534562211981568,,0.1247926267281106,,0.6444239631336406,0.10046082949308756,0.10009216589861751,0.5694009216589861,,0.3576036866359447,,1.4359447004608294,,,,,,0.0,,7.0,,0.0,0.0,0.0,45.0,,13.0,,29.0,,,,
25/0032,081303,2596,2439,157,6009,2025-02-10 14:46:00,2025-04-16 15:24:00,93638,2349,0.060477657935285055,0.939522342064715,65.02638888888889,39.15,36.07010785824345,7,7,6009.0,157.0,CURVADO-CORT > SOLDADURA-RE > NORMALIZADO > GRANALLADO > CALIBRADO > TALLADO > RECTIFICADO,,380.0,,433.0,,,293.0,293.0,1846.0,,685.0,,2079.0,,,,,,0.14637904468412943,,0.16679506933744223,,,0.11286594761171033,0.11286594761171033,0.7110939907550077,,0.2638674884437596,,0.8008474576271186,,,,,,4.0,,0.0,,,0.0,0.0,75.0,,7.0,,71.0,,,,
25/0038,081906,2647,2581,66,8840,2025-02-11 20:08:00,2025-02-20 22:36:00,13108,1031,0.024933887419720437,0.9750661125802795,9.102777777777778,17.183333333333334,4.9520211560256895,7,7,8840.0,66.0,CURVADO-CORT > SOLDADURA-RE > NORMALIZADO > GRANALLADO > CALIBRADO > TALLADO > RECTIFICADO,,815.0,,431.0,,,317.0,317.0,2894.0,,930.0,,3136.0,,,,,,0.3078957310162448,,0.162825840574235,,,0.11975821684926331,0.11975821684926331,1.0933131847374387,,0.3513411409142425,,1.184737438609747,,,,,,0.0,,0.0,,,0.0,0.0,59.0,,5.0,,2.0,,,,
25/0042,081906,3000,2962,38,12893,2025-02-12 11:22:00,2025-02-25 22:42:00,19400,2081,0.012666666666666666,0.9873333333333333,13.472222222222221,34.68333333333333,6.466666666666667,7,7,12893.0,38.0,CURVADO-CORT > SOLDADURA-RE > NORMALIZADO > GRANALLADO > CALIBRADO > TALLADO > RECTIFICADO,,1028.0,,560.0,,,432.0,432.0,3850.0,,1146.0,,5445.0,,,,,,0.3426666666666667,,0.18666666666666668,,,0.144,0.144,1.2833333333333334,,0.382,,1.815,,,,,,0.0,,0.0,,,0.0,0.0,16.0,,2.0,,20.0,,,,
25/0043,081901,3000,2947,53,12184,2025-02-13 03:50:00,2025-03-04 10:35:00,27765,1215,0.017666666666666667,0.9823333333333333,19.28125,20.25,9.255,7,7,12184.0,53.0,CURVADO-CORT > SOLDADURA-RE > NORMALIZADO > GRANALLADO > CALIBRADO > TALLADO > RECTIFICADO,,890.0,,682.0,,,417.0,417.0,3119.0,,1153.0,,5506.0,,,,,,0.2966666666666667,,0.22733333333333333,,,0.139,0.139,1.0396666666666667,,0.38433333333333336,,1.8353333333333333,,,,,,0.0,,8.0,,,0.0,0.0,7.0,,6.0,,32.0,,,,
25/0047,081GJ1,4709,4681,28,14662,2025-02-13 15:12:00,2025-02-28 09:53:00,21281,1311,0.005946060734763219,0.9940539392652368,14.778472222222222,21.85,4.519218517732003,8,8,14662.0,28.0,CURVADO-CORT > SOLDADURA-RE > NORMALIZADO > GRANALLADO > CALIBRADO > TALLADO > TEMPLE-REVEN > RECTIFICADO,,1647.0,,642.0,,,797.0,797.0,3313.0,,1731.0,,3588.0,,,2147.0,,,0.3497557867912508,,0.13633467827564238,,,0.16925037162879591,0.16925037162879591,0.7035464005096623,,0.3675939689955405,,0.7619452112975154,,,0.4559354427691654,,,1.0,,0.0,,,0.0,0.0,8.0,,5.0,,0.0,,,14.0,
25/0048,081290,1760,1705,55,8495,2025-02-14 09:19:00,2025-03-13 13:28:00,39129,679,0.03125,0.96875,27.172916666666666,11.316666666666666,22.232386363636362,9,9,8495.0,55.0,CURVADO-CORT > SOLDADURA-RE > NORMALIZADO > GRANALLADO > CALIBRADO > TALLADO > ENTRADA DE D > TEMPLAR POR > RECTIFICADO,,296.0,,258.0,,2949.0,195.0,194.0,1087.0,,701.0,,2310.0,,505.0,,,,0.16818181818181818,,0.14659090909090908,,1.6755681818181818,0.11079545454545454,0.11022727272727273,0.6176136363636363,,0.39829545454545456,,1.3125,,0.2869318181818182,,,,0.0,,4.0,,4.0,0.0,0.0,4.0,,6.0,,36.0,,1.0,,
25/0050,081906,3000,2952,48,12204,2025-02-14 01:56:00,2025-03-06 23:18:00,30082,1668,0.016,0.984,20.89027777777778,27.8,10.027333333333333,7,7,12204.0,48.0,CURVADO-CORT > SOLDADURA-RE > NORMALIZADO > GRANALLADO > CALIBRADO > TALLADO > RECTIFICADO,,926.0,,442.0,,,120.0,857.0,3497.0,,1047.0,,5315.0,,,,,,0.30866666666666664,,0.14733333333333334,,,0.04,0.2856666666666667,1.1656666666666666,,0.349,,1.7716666666666667,,,,,,0.0,,8.0,,,0.0,0.0,18.0,,2.0,,20.0,,,,
25/0051,081901,2591,2565,26,6256,2025-02-14 13:57:00,2025-03-05 20:28:00,27751,494,0.010034735623311463,0.9899652643766885,19.271527777777777,8.233333333333333,10.710536472404478,7,7,6256.0,26.0,CURVADO-CORT > SOLDADURA-RE > NORMALIZADO > GRANALLADO > CALIBRADO > TALLADO > RECTIFICADO,,577.0,,313.0,,,346.0,345.0,2032.0,,755.0,,1888.0,,,,,,0.222693940563489,,0.12080277884986491,,,0.13353917406406793,0.13315322269394056,0.7842531840988035,,0.2913932844461598,,0.7286761868004631,,,,,,0.0,,0.0,,,0.0,0.0,15.0,,10.0,,1.0,,,,
25/0055,009400,2200,2090,110,11590,2025-02-19 23:58:00,2025-04-03 07:05:00,60907,1793,0.05,0.95,42.296527777777776,29.883333333333333,27.685,9,9,11590.0,110.0,CURVADO-CORT > SOLDADURA-RE > NORMALIZADO > GRANALLADO > CALIBRADO > TALLADO > ENTRADA DE D > TEMPLE-REVEN > RECTIFICADO,,308.0,,251.0,,5294.0,217.0,215.0,1471.0,,814.0,,1033.0,,,1987.0,,,0.14,,0.11409090909090909,,2.4063636363636363,0.09863636363636363,0.09772727272727273,0.6686363636363636,,0.37,,0.46954545454545454,,,0.9031818181818182,,,0.0,,0.0,,23.0,0.0,0.0,50.0,,1.0,,25.0,,,11.0,
25/0059,081806,4435,4380,55,15889,2025-02-20 12:17:00,2025-05-07 21:15:00,109978,1731,0.012401352874859075,0.9875986471251409,76.37361111111112,28.85,24.79774520856821,8,8,15889.0,55.0,CURVADO-CORT > SOLDADURA-RE > NORMALIZADO > GRANALLADO > CALIBRADO > TALLADO > TEMPLE-REVEN > RECTIFICADO,,1519.0,,681.0,,,162.0,644.0,4969.0,,1791.0,,3718.0,,,2405.0,,,0.34250281848928976,,0.1535512965050733,,,0.03652762119503946,0.14520856820744082,1.1204058624577227,,0.40383314543404736,,0.8383314543404735,,,0.5422773393461104,,,0.0,,0.0,,,0.0,0.0,18.0,,15.0,,0.0,,,22.0,
25/0062,902081,5886,5754,132,43371,2025-02-21 11:58:00,2025-03-27 19:07:00,49389,5704,0.022426095820591234,0.9775739041794088,34.297916666666666,95.06666666666666,8.390927624872578,9,9,43371.0,132.0,CURVADO-CORT > SOLDADURA-RE > NORMALIZADO > GRANALLADO > CALIBRADO > TALLADO > ENTRADA DE D > TEMPLE-REVEN > RECTIFICADO,,2430.0,,942.0,,12710.0,1025.0,1025.0,5048.0,,2338.0,,13890.0,,,3963.0,,,0.41284403669724773,,0.1600407747196738,,2.159361196058444,0.1741420319401971,0.1741420319401971,0.8576282704723072,,0.39721372748895684,,2.3598369011213047,,,0.6732925586136596,,,1.0,,5.0,,7.0,0.0,0.0,69.0,,7.0,,38.0,,,5.0,
25/0064,086503,3426,3402,24,10301,2025-02-24 12:20:00,2025-03-11 01:26:00,20946,856,0.0070052539404553416,0.9929947460595446,14.545833333333333,14.266666666666667,6.113835376532399,7,7,10301.0,24.0,CURVADO-CORT > SOLDADURA-RE > NORMALIZADO > GRANALLADO > CALIBRADO > TALLADO > RECTIFICADO,,1056.0,,501.0,,,368.0,433.0,2808.0,,1276.0,,3859.0,,,,,,0.30823117338003503,,0.14623467600700527,,,0.10741389375364857,0.12638645650904845,0.819614711033275,,0.37244600116754234,,1.1263864565090485,,,,,,0.0,,8.0,,,0.0,0.0,13.0,,2.0,,1.0,,,,
25/0067,081906,1647,1616,31,6412,2025-02-25 01:04:00,2025-03-11 21:59:00,21415,1125,0.018822100789313904,0.9811778992106861,14.871527777777779,18.75,13.002428658166362,7,7,6412.0,31.0,CURVADO-CORT > SOLDADURA-RE > NORMALIZADO > GRANALLADO > CALIBRADO > TALLADO > RECTIFICADO,,581.0,,354.0,,,211.0,211.0,2327.0,,556.0,,2172.0,,,,,,0.35276259866423804,,0.21493624772313297,,,0.1281117182756527,0.1281117182756527,1.4128718882817244,,0.33758348512446873,,1.3187613843351549,,,,,,0.0,,0.0,,,0.0,0.0,25.0,,3.0,,3.0,,,,
25/0068,091177,3353,3326,27,8754,2025-02-25 09:14:00,2025-03-27 05:15:00,42961,558,0.008052490307187594,0.9919475096928124,29.834027777777777,9.3,12.812705040262452,8,8,8754.0,27.0,CURVADO-CORT > SOLDADURA-RE > NORMALIZADO > GRANALLADO > CALIBRADO > TALLADO > TEMPLE-REVEN > RECTIFICADO,,623.0,,421.0,,,404.0,402.0,2185.0,,1142.0,,2398.0,,,1179.0,,,0.18580375782881003,,0.12555920071577692,,,0.12048911422606622,0.11989263346257083,0.6516552341186996,,0.34059051595586043,,0.7151804354309573,,,0.3516254100805249,,,0.0,,7.0,,,0.0,0.0,8.0,,0.0,,5.0,,,7.0,
25/0074,081910,1301,1279,22,7828,2025-03-03 13:55:00,2025-03-14 08:39:00,15524,1207,0.016910069177555727,0.9830899308224442,10.780555555555555,20.116666666666667,11.932359723289776,8,8,7828.0,22.0,CURVADO-CORT > SOLDADURA-RE > NORMALIZADO > GRANALLADO > CALIBRADO > TALLADO > TEMPLE-REVEN > RECTIFICADO,,592.0,,228.0,,,194.0,193.0,2702.0,,701.0,,2506.0,,,712.0,,,0.4550345887778632,,0.17524980784012298,,,0.1491160645657187,0.14834742505764797,2.0768639508070716,,0.5388162951575711,,1.9262106072252114,,,0.547271329746349,,,0.0,,0.0,,,0.0,0.0,1.0,,19.0,,0.0,,,2.0,
25/0075,081910,1301,1295,6,7140,2025-03-03 17:44:00,2025-03-25 01:35:00,30711,847,0.004611837048424289,0.9953881629515757,21.327083333333334,14.116666666666667,23.60568793235972,8,8,7140.0,6.0,CURVADO-CORT > SOLDADURA-RE > NORMALIZADO > GRANALLADO > CALIBRADO > TALLADO > TEMPLE-REVEN > RECTIFICADO,,400.0,,256.0,,,206.0,207.0,2492.0,,531.0,,2350.0,,,698.0,,,0.3074558032282859,,0.196771714066103,,,0.15833973866256726,0.15910837817063797,1.9154496541122215,,0.4081475787855496,,1.80630284396618,,,0.536510376633359,,,0.0,,0.0,,,0.0,0.0,1.0,,3.0,,0.0,,,2.0,
25/0084,124203,5987,5873,114,28911,2025-03-05 14:39:00,2025-03-20 21:28:00,22009,4370,0.019041256054785367,0.9809587439452147,15.284027777777778,72.83333333333333,3.6761316185067647,8,8,28911.0,114.0,CURVADO-CORT > SOLDADURA-RE > NORMALIZADO > GRANALLADO > CALIBRADO > TALLADO > TORNEADO > RECTIFICADO,,1231.0,,972.0,,,905.0,907.0,6567.0,,2369.0,,10440.0,,,,5520.0,,0.20561215967930516,,0.16235176215132788,,,0.15116084850509437,0.15149490562886253,1.0968765658927677,,0.3956906631033907,,1.743778186069818,,,,0.9219976616001336,,0.0,,1.0,,,0.0,0.0,25.0,,13.0,,40.0,,,,35.0
25/0085,003304,2500,2199,301,14314,2025-03-06 12:44:00,2025-05-22 14:17:00,110973,5896,0.1204,0.8796,77.06458333333333,98.26666666666667,44.3892,8,8,14314.0,301.0,CURVADO-CORT > SOLDADURA-RE > NORMALIZADO > GRANALLADO > CALIBRADO > TALLADO > ENTRADA DE D > RECTIFICADO,,507.0,,313.0,,3211.0,304.0,303.0,2253.0,,1093.0,,6330.0,,,,,,0.2028,,0.1252,,1.2844,0.1216,0.1212,0.9012,,0.4372,,2.532,,,,,,0.0,,2.0,,26.0,0.0,0.0,162.0,,15.0,,96.0,,,,
25/0088,902081,1502,1494,8,11944,2025-03-07 13:57:00,2025-04-08 13:48:00,46071,1501,0.005326231691078562,0.9946737683089214,31.99375,25.016666666666666,30.673102529960055,9,9,11944.0,8.0,CURVADO-CORT > SOLDADURA-RE > NORMALIZADO > GRANALLADO > CALIBRADO > TALLADO > ENTRADA DE D > TEMPLE-REVEN > RECTIFICADO,,579.0,,967.0,,3072.0,242.0,243.0,1266.0,,778.0,,3735.0,,,1062.0,,,0.3854860186418109,,0.6438082556591211,,2.045272969374168,0.1611185086551265,0.1617842876165113,0.8428761651131824,,0.5179760319573902,,2.4866844207723036,,,0.7070572569906791,,,0.0,,0.0,,1.0,0.0,0.0,3.0,,1.0,,3.0,,,0.0,
25/0094,081290,3500,3422,78,11677,2025-03-11 05:56:00,2025-03-28 09:12:00,24676,847,0.022285714285714287,0.9777142857142858,17.136111111111113,14.116666666666667,7.050285714285715,8,8,11677.0,78.0,CURVADO-CORT > SOLDADURA-RE > GRANALLADO > NORMALIZADO > CALIBRADO > TALLADO > ENTRADA DE D > RECTIFICADO,,521.0,,414.0,,3512.0,360.0,360.0,2569.0,,1253.0,,2688.0,,,,,,0.14885714285714285,,0.11828571428571429,,1.0034285714285713,0.10285714285714286,0.10285714285714286,0.734,,0.358,,0.768,,,,,,0.0,,0.0,,17.0,0.0,0.0,51.0,,8.0,,2.0,,,,
25/0095,081290,4196,4131,65,12681,2025-03-11 12:50:00,2025-04-01 18:44:00,30594,969,0.015490943755958055,0.984509056244042,21.245833333333334,16.15,7.291229742612011,8,8,12681.0,65.0,CURVADO-CORT > SOLDADURA-RE > GRANALLADO > NORMALIZADO > CALIBRADO > TALLADO > ENTRADA DE D > RECTIFICADO,,498.0,,513.0,,3973.0,386.0,386.0,2488.0,,1312.0,,3125.0,,,,,,0.11868446139180172,,0.12225929456625358,,0.9468541468064824,0.09199237368922783,0.09199237368922783,0.5929456625357483,,0.3126787416587226,,0.7447569113441372,,,,,,0.0,,0.0,,13.0,0.0,0.0,41.0,,11.0,,0.0,,,,
25/0096,086503,6754,6653,101,17990,2025-03-12 14:51:00,2025-03-25 11:11:00,18500,1567,0.014954101273319514,0.9850458987266805,12.847222222222221,26.116666666666667,2.7391175599644657,7,7,17990.0,101.0,CURVADO-CORT > SOLDADURA-RE > NORMALIZADO > GRANALLADO > CALIBRADO > TALLADO > RECTIFICADO,,1063.0,,861.0,,,817.0,818.0,5549.0,,2458.0,,6424.0,,,,,,0.15738821439147171,,0.12748001184483268,,,0.12096535386437667,0.1211134142730234,0.8215872075806929,,0.3639324844536571,,0.9511400651465798,,,,,,0.0,,8.0,,,0.0,0.0,41.0,,11.0,,41.0,,,,
25/0098,091177,2080,2032,48,5840,2025-03-13 09:52:00,2025-04-02 05:59:00,28567,554,0.023076923076923078,0.9769230769230769,19.838194444444444,9.233333333333333,13.734134615384615,8,8,5840.0,48.0,CURVADO-CORT > SOLDADURA-RE > GRANALLADO > NORMALIZADO > CALIBRADO > TALLADO > TEMPLE-REVEN > RECTIFICADO,,297.0,,555.0,,,238.0,239.0,1393.0,,797.0,,1363.0,,,958.0,,,0.14278846153846153,,0.2668269230769231,,,0.11442307692307692,0.11490384615384615,0.6697115384615384,,0.38317307692307695,,0.6552884615384615,,,0.46057692307692305,,,6.0,,0.0,,,0.0,0.0,6.0,,1.0,,27.0,,,8.0,
25/0100,902081,4045,3963,82,33644,2025-03-14 06:02:00,2025-04-10 20:10:00,39728,7820,0.020271940667490728,0.9797280593325093,27.58888888888889,130.33333333333334,9.82150803461063,9,9,33644.0,82.0,CURVADO-CORT > SOLDADURA-RE > NORMALIZADO > GRANALLADO > CALIBRADO > TALLADO > ENTRADA DE D > TEMPLE-REVEN > RECTIFICADO,,1552.0,,718.0,,9613.0,634.0,636.0,4227.0,,1621.0,,11245.0,,,3398.0,,,0.38368355995055625,,0.17750309023485786,,2.376514215080346,0.15673671199011124,0.1572311495673671,1.0449938195302844,,0.4007416563658838,,2.779975278121137,,,0.8400494437577256,,,0.0,,0.0,,19.0,0.0,0.0,6.0,,7.0,,47.0,,,3.0,
25/0102,124203,6900,6780,120,34160,2025-03-17 12:11:00,2025-04-16 06:00:00,42829,4492,0.017391304347826087,0.9826086956521739,29.742361111111112,74.86666666666666,6.2071014492753624,8,8,34160.0,120.0,CURVADO-CORT > SOLDADURA-RE > NORMALIZADO > GRANALLADO > CALIBRADO > TALLADO > TORNEADO > RECTIFICADO,,3214.0,,1334.0,,,993.0,993.0,7239.0,,2736.0,,10355.0,,,,7296.0,,0.4657971014492754,,0.19333333333333333,,,0.14391304347826087,0.14391304347826087,1.0491304347826087,,0.39652173913043476,,1.5007246376811594,,,,1.057391304347826,,14.0,,6.0,,,0.0,0.0,28.0,,23.0,,35.0,,,,14.0
25/0106,086503,3715,3679,36,10146,2025-03-17 18:30:00,2025-04-03 02:21:00,23511,958,0.009690444145356662,0.9903095558546433,16.327083333333334,15.966666666666667,6.328667563930013,7,7,10146.0,36.0,CURVADO-CORT > SOLDADURA-RE > NORMALIZADO > GRANALLADO > CALIBRADO > TALLADO > RECTIFICADO,,586.0,,657.0,,,434.0,435.0,2775.0,,1832.0,,3427.0,,,,,,0.15773889636608346,,0.1768506056527591,,,0.11682368775235531,0.11709286675639301,0.746971736204576,,0.49313593539703904,,0.9224764468371467,,,,,,0.0,,6.0,,,0.0,0.0,12.0,,18.0,,0.0,,,,
25/0116,124203,3400,3341,59,13030,2025-03-21 11:55:00,2025-04-03 20:53:00,19258,8870,0.01735294117647059,0.9826470588235294,13.373611111111112,147.83333333333334,5.6641176470588235,7,7,13030.0,59.0,CURVADO-CORT > SOLDADURA-RE > NORMALIZADO > GRANALLADO > CALIBRADO > TALLADO > RECTIFICADO,,1380.0,,543.0,,,506.0,508.0,3329.0,,1433.0,,5331.0,,,,,,0.40588235294117647,,0.15970588235294117,,,0.14882352941176472,0.14941176470588236,0.9791176470588235,,0.4214705882352941,,1.5679411764705882,,,,,,0.0,,6.0,,,0.0,0.0,22.0,,27.0,,4.0,,,,
25/0124,081GJ1,2127,2028,99,7295,2025-03-25 16:10:00,2025-04-04 11:30:00,14120,7157,0.0465444287729196,0.9534555712270804,9.805555555555555,119.28333333333333,6.638457921955807,8,8,7295.0,99.0,CURVADO-CORT > SOLDADURA-RE > NORMALIZADO > GRANALLADO > CALIBRADO > TALLADO > TEMPLE-REVEN > RECTIFICADO,,943.0,,346.0,,,240.0,238.0,1877.0,,675.0,,1507.0,,,1469.0,,,0.44334743770568874,,0.1626704278326281,,,0.11283497884344147,0.11189468735307946,0.8824635637047484,,0.31734837799717913,,0.7085096379877762,,,0.690644099670898,,,3.0,,0.0,,,0.0,0.0,2.0,,0.0,,89.0,,,5.0,
25/0126,091135,3000,2972,28,9222,2025-03-25 21:57:00,2025-05-09 15:04:00,64387,10580,0.009333333333333334,0.9906666666666667,44.71319444444445,176.33333333333334,21.462333333333333,8,8,9222.0,28.0,CURVADO-CORT > SOLDADURA-RE > GRANALLADO > NORMALIZADO > CALIBRADO > TALLADO > TEMPLE-REVEN > RECTIFICADO,,501.0,,363.0,,,381.0,382.0,2340.0,,993.0,,2325.0,,,1937.0,,,0.167,,0.121,,,0.127,0.12733333333333333,0.78,,0.331,,0.775,,,0.6456666666666667,,,1.0,,0.0,,,0.0,0.0,6.0,,2.0,,7.0,,,12.0,
25/0127,081901,1560,1538,22,6964,2025-03-26 11:44:00,2025-04-08 04:52:00,18308,1084,0.014102564102564103,0.985897435897436,12.713888888888889,18.066666666666666,11.735897435897435,7,7,6964.0,22.0,CURVADO-CORT > SOLDADURA-RE > NORMALIZADO > GRANALLADO > CALIBRADO > TALLADO > RECTIFICADO,,441.0,,275.0,,,218.0,218.0,1717.0,,784.0,,3311.0,,,,,,0.2826923076923077,,0.1762820512820513,,,0.13974358974358975,0.13974358974358975,1.1006410256410257,,0.5025641025641026,,2.1224358974358974,,,,,,0.0,,4.0,,,0.0,0.0,16.0,,0.0,,2.0,,,,
25/0128,902081,5452,5238,214,39460,2025-03-26 16:20:00,2025-05-07 10:12:00,60112,5541,0.039251650770359504,0.9607483492296405,41.74444444444445,92.35,11.025678650036683,9,9,39460.0,214.0,CURVADO-CORT > SOLDADURA-RE > NORMALIZADO > GRANALLADO > CALIBRADO > TALLADO > ENTRADA DE D > TEMPLE-REVEN > RECTIFICADO,,2185.0,,1142.0,,12450.0,1044.0,1044.0,4879.0,,2193.0,,9137.0,,,5386.0,,,0.4007703595011005,,0.2094644167278063,,2.2835656639765225,0.19148936170212766,0.19148936170212766,0.8949009537784299,,0.40223771093176813,,1.6758987527512839,,,0.9878943506969919,,,0.0,,0.0,,69.0,0.0,0.0,84.0,,6.0,,47.0,,,8.0,
25/0134,081216,6000,5791,209,18594,2025-03-28 14:08:00,2025-07-17 13:00:00,159772,2266,0.034833333333333334,0.9651666666666666,110.95277777777778,37.766666666666666,26.628666666666668,7,7,18594.0,209.0,CURVADO-CORT > SOLDADURA-RE > NORMALIZADO > GRANALLADO > CALIBRADO > TALLADO > RECTIFICADO,,867.0,,722.0,,,774.0,774.0,4937.0,,2956.0,,7564.0,,,,,,0.1445,,0.12033333333333333,,,0.129,0.129,0.8228333333333333,,0.49266666666666664,,1.2606666666666666,,,,,,5.0,,7.0,,,0.0,0.0,57.0,,58.0,,82.0,,,,
25/0135,081216,9491,9325,166,34720,2025-04-01 06:32:00,2025-05-09 12:42:00,55090,4963,0.017490253924770837,0.9825097460752291,38.25694444444444,82.71666666666667,5.804446317564008,7,7,34720.0,166.0,CURVADO-CORT > SOLDADURA-RE > GRANALLADO > NORMALIZADO > CALIBRADO > TALLADO > RECTIFICADO,,1342.0,,1384.0,,,1281.0,1280.0,11566.0,,3383.0,,14484.0,,,,,,0.14139711305447267,,0.14582235802339058,,,0.13496997155199664,0.1348646085765462,1.2186281740596354,,0.3564429459487936,,1.5260773364239806,,,,,,2.0,,0.0,,,0.0,0.0,84.0,,26.0,,54.0,,,,
25/0146,081303,5000,4941,59,11624,2025-04-02 21:58:00,2025-04-09 00:33:00,8795,790,0.0118,0.9882,6.107638888888889,13.166666666666666,1.759,7,7,11624.0,59.0,CURVADO-CORT > SOLDADURA-RE > NORMALIZADO > GRANALLADO > CALIBRADO > TALLADO > RECTIFICADO,,749.0,,669.0,,,489.0,489.0,2567.0,,1753.0,,4908.0,,,,,,0.1498,,0.1338,,,0.0978,0.0978,0.5134,,0.3506,,0.9816,,,,,,0.0,,2.0,,,0.0,0.0,19.0,,6.0,,32.0,,,,
25/0147,081303,5332,5285,47,11809,2025-04-03 09:08:00,2025-04-10 19:53:00,10725,1058,0.008814703675918979,0.991185296324081,7.447916666666667,17.633333333333333,2.0114403600900226,7,7,11809.0,47.0,CURVADO-CORT > SOLDADURA-RE > NORMALIZADO > GRANALLADO > CALIBRADO > TALLADO > RECTIFICADO,,638.0,,693.0,,,593.0,593.0,2599.0,,1790.0,,4903.0,,,,,,0.11965491372843211,,0.12996999249812452,,,0.11121530382595649,0.11121530382595649,0.4874343585896474,,0.33570892723180795,,0.9195423855963991,,,,,,0.0,,0.0,,,0.0,0.0,14.0,,17.0,,16.0,,,,
25/0151,081290,5000,4949,51,18610,2025-04-04 12:57:00,2025-05-14 22:55:00,58198,2306,0.0102,0.9898,40.415277777777774,38.43333333333333,11.6396,8,8,18610.0,51.0,CURVADO-CORT > SOLDADURA-RE > NORMALIZADO > GRANALLADO > CALIBRADO > TALLADO > ENTRADA DE D > RECTIFICADO,,863.0,,762.0,,5855.0,507.0,505.0,3313.0,,1809.0,,4996.0,,,,,,0.1726,,0.1524,,1.171,0.1014,0.101,0.6626,,0.3618,,0.9992,,,,,,0.0,,0.0,,6.0,0.0,0.0,36.0,,2.0,,7.0,,,,
25/0152 ST,081290,2116,2094,22,7209,2025-04-08 03:47:00,2025-06-02 18:11:00,80064,510,0.010396975425330813,0.9896030245746692,55.6,8.5,37.83742911153119,8,8,7209.0,22.0,CURVADO-CORT > SOLDADURA-RE > GRANALLADO > NORMALIZADO > CALIBRADO > TALLADO > ENTRADA DE D > RECTIFICADO,,278.0,,292.0,,2766.0,209.0,210.0,1214.0,,647.0,,1593.0,,,,,,0.13137996219281664,,0.13799621928166353,,1.3071833648393194,0.09877126654064272,0.09924385633270322,0.5737240075614367,,0.305765595463138,,0.752835538752363,,,,,,0.0,,0.0,,5.0,0.0,0.0,11.0,,0.0,,6.0,,,,
25/0156,902081,2856,2773,83,24129,2025-04-08 16:30:00,2025-05-30 21:02:00,75152,5166,0.029061624649859945,0.97093837535014,52.18888888888889,86.1,26.313725490196077,9,9,24129.0,83.0,CURVADO-CORT > SOLDADURA-RE > NORMALIZADO > GRANALLADO > CALIBRADO > TALLADO > ENTRADA DE D > TEMPLE-REVEN > RECTIFICADO,,1212.0,,630.0,,6616.0,295.0,281.0,3728.0,,1344.0,,7662.0,,,2361.0,,,0.42436974789915966,,0.22058823529411764,,2.316526610644258,0.10329131652661064,0.09838935574229692,1.3053221288515406,,0.47058823529411764,,2.6827731092436973,,,0.8266806722689075,,,0.0,,3.0,,18.0,0.0,0.0,9.0,,7.0,,42.0,,,4.0,
25/0158,124203,2000,1939,61,9940,2025-04-09 14:06:00,2025-04-23 05:58:00,19672,1345,0.0305,0.9695,13.661111111111111,22.416666666666668,9.836,8,8,9940.0,61.0,CURVADO-CORT > SOLDADURA-RE > NORMALIZADO > GRANALLADO > CALIBRADO > TALLADO > TORNEADO > RECTIFICADO,,877.0,,549.0,,,373.0,374.0,2238.0,,879.0,,2948.0,,,,1702.0,,0.4385,,0.2745,,,0.1865,0.187,1.119,,0.4395,,1.474,,,,0.851,,0.0,,2.0,,,0.0,0.0,9.0,,4.0,,41.0,,,,5.0
25/0159,124203,9062,8918,144,34509,2025-04-10 01:23:00,2025-07-03 13:58:00,121715,5038,0.0158905318914147,0.9841094681085854,84.52430555555556,83.96666666666667,13.431361730302362,7,7,34509.0,144.0,CURVADO-CORT > SOLDADURA-RE > NORMALIZADO > GRANALLADO > CALIBRADO > TALLADO > RECTIFICADO,,3688.0,,1714.0,,,1406.0,1406.0,7397.0,,3586.0,,15312.0,,,,,,0.40697417788567647,,0.18914146987419997,,,0.15515338777311852,0.15515338777311852,0.8162657250055175,,0.39571838446259106,,1.689693224453763,,,,,,1.0,,3.0,,,0.0,0.0,101.0,,22.0,,17.0,,,,
25/0160,124203,1220,1135,85,5512,2025-04-14 11:24:00,2025-04-29 04:32:00,21188,504,0.06967213114754098,0.930327868852459,14.713888888888889,8.4,17.367213114754097,8,8,5512.0,85.0,CURVADO-CORT > SOLDADURA-RE > GRANALLADO > NORMALIZADO > CALIBRADO > TALLADO > TORNEADO > RECTIFICADO,,589.0,,214.0,,,207.0,207.0,1264.0,,466.0,,1584.0,,,,981.0,,0.48278688524590163,,0.17540983606557378,,,0.16967213114754098,0.16967213114754098,1.0360655737704918,,0.3819672131147541,,1.298360655737705,,,,0.8040983606557377,,0.0,,0.0,,,0.0,0.0,40.0,,5.0,,36.0,,,,4.0
25/0164 ST,081000,2049,2028,21,7414,2025-04-15 22:47:00,2025-06-04 08:16:00,71129,1971,0.010248901903367497,0.9897510980966325,49.39513888888889,32.85,34.71400683260127,7,7,7414.0,21.0,CURVADO-CORT > SOLDADURA-RE > NORMALIZADO > GRANALLADO > CALIBRADO > TALLADO > RECTIFICADO,,950.0,,301.0,,,387.0,387.0,1529.0,,1157.0,,2703.0,,,,,,0.46364080039043437,,0.14690092728160078,,,0.18887262079062958,0.18887262079062958,0.7462176671547096,,0.5646656905807711,,1.3191800878477307,,,,,,0.0,,0.0,,,0.0,0.0,12.0,,1.0,,8.0,,,,
25/0167,081906,3000,2937,63,12734,2025-04-10 23:30:00,2025-05-09 02:45:00,40515,1986,0.021,0.979,28.135416666666668,33.1,13.505,7,7,12734.0,63.0,CURVADO-CORT > SOLDADURA-RE > NORMALIZADO > GRANALLADO > CALIBRADO > TALLADO > RECTIFICADO,,873.0,,582.0,,,411.0,409.0,3396.0,,1222.0,,5841.0,,,,,,0.291,,0.194,,,0.137,0.13633333333333333,1.132,,0.4073333333333333,,1.947,,,,,,0.0,,0.0,,,0.0,0.0,20.0,,7.0,,36.0,,,,
25/0169,081901,3000,2984,16,12838,2025-04-11 18:48:00,2025-05-13 15:35:00,45887,1668,0.005333333333333333,0.9946666666666667,31.865972222222222,27.8,15.295666666666667,7,7,12838.0,16.0,CURVADO-CORT > SOLDADURA-RE > GRANALLADO > NORMALIZADO > CALIBRADO > TALLADO > RECTIFICADO,,903.0,,417.0,,,407.0,407.0,3164.0,,1293.0,,6247.0,,,,,,0.301,,0.139,,,0.13566666666666666,0.13566666666666666,1.0546666666666666,,0.431,,2.082333333333333,,,,,,0.0,,0.0,,,0.0,0.0,9.0,,2.0,,5.0,,,,
25/0170 ST,081901,1191,1166,25,4662,2025-04-14 20:08:00,2025-05-14 12:01:00,42713,666,0.020990764063811923,0.979009235936188,29.661805555555556,11.1,35.86314021830395,7,7,4662.0,25.0,CURVADO-CORT > SOLDADURA-RE > NORMALIZADO > GRANALLADO > CALIBRADO > TALLADO > RECTIFICADO,,353.0,,176.0,,,162.0,162.0,1226.0,,625.0,,1958.0,,,,,,0.2963895885810244,,0.14777497900923595,,,0.13602015113350127,0.13602015113350127,1.0293870696893368,,0.5247691015952981,,1.6439966414777498,,,,,,0.0,,0.0,,,0.0,0.0,6.0,,0.0,,19.0,,,,
25/0175,081GJ1,2600,2581,19,7501,2025-04-14 23:05:00,2025-05-14 04:17:00,42072,697,0.007307692307692308,0.9926923076923077,29.216666666666665,11.616666666666667,16.181538461538462,8,8,7501.0,19.0,CURVADO-CORT > SOLDADURA-RE > NORMALIZADO > GRANALLADO > CALIBRADO > TALLADO > TEMPLE-REVEN > RECTIFICADO,,563.0,,331.0,,,227.0,171.0,2068.0,,965.0,,1695.0,,,1481.0,,,0.21653846153846154,,0.12730769230769232,,,0.08730769230769231,0.06576923076923077,0.7953846153846154,,0.37115384615384617,,0.6519230769230769,,,0.5696153846153846,,,0.0,,7.0,,,0.0,0.0,2.0,,0.0,,3.0,,,7.0,
25/0178,031100,5800,5748,52,18319,2025-04-22 10:31:00,2025-04-30 01:12:00,10961,700,0.00896551724137931,0.9910344827586207,7.611805555555556,11.666666666666666,1.8898275862068965,8,8,18319.0,52.0,CURVADO-CORT > SOLDADURA-RE > GRANALLADO > NORMALIZADO > CALIBRADO > TALLADO > ENTRADA DE D > RECTIFICADO,,802.0,,798.0,,3590.0,605.0,604.0,3536.0,,1997.0,,6387.0,,,,,,0.13827586206896553,,0.1375862068965517,,0.6189655172413793,0.10431034482758621,0.10413793103448275,0.6096551724137931,,0.3443103448275862,,1.101206896551724,,,,,,0.0,,0.0,,1.0,0.0,0.0,33.0,,10.0,,8.0,,,,
25/0180 ST,031100,1594,1571,23,4813,2025-04-24 14:00:00,2025-05-05 22:15:00,16335,168,0.014429109159347553,0.9855708908406524,11.34375,2.8,10.247804265997491,8,8,4813.0,23.0,CURVADO-CORT > SOLDADURA-RE > NORMALIZADO > GRANALLADO > CALIBRADO > TALLADO > ENTRADA DE D > RECTIFICADO,,200.0,,247.0,,1019.0,219.0,220.0,881.0,,537.0,,1490.0,,,,,,0.12547051442910917,,0.1549560853199498,,0.6392722710163111,0.13739021329987453,0.13801756587202008,0.5526976160602258,,0.3368883312421581,,0.9347553324968633,,,,,,0.0,,7.0,,0.0,0.0,0.0,7.0,,2.0,,7.0,,,,
25/0181,124203,3000,2966,34,16093,2025-04-16 10:24:00,2025-05-07 19:21:00,30777,3906,0.011333333333333334,0.9886666666666667,21.372916666666665,65.1,10.259,8,8,16093.0,34.0,CURVADO-CORT > SOLDADURA-RE > NORMALIZADO > GRANALLADO > CALIBRADO > TALLADO > TORNEADO > RECTIFICADO,,1318.0,,457.0,,,535.0,536.0,3648.0,,1330.0,,4975.0,,,,3294.0,,0.43933333333333335,,0.15233333333333332,,,0.17833333333333334,0.17866666666666667,1.216,,0.44333333333333336,,1.6583333333333334,,,,1.098,,0.0,,4.0,,,0.0,0.0,19.0,,5.0,,6.0,,,,0.0
25/0182,124203,3111,3042,69,12405,2025-04-16 18:57:00,2025-05-05 21:02:00,27485,748,0.022179363548698167,0.9778206364513018,19.086805555555557,12.466666666666667,8.83477981356477,7,7,12405.0,69.0,CURVADO-CORT > SOLDADURA-RE > NORMALIZADO > GRANALLADO > CALIBRADO > TALLADO > RECTIFICADO,,836.0,,523.0,,,518.0,518.0,3253.0,,1026.0,,5731.0,,,,,,0.2687238829958213,,0.1681131468981035,,,0.16650594664095147,0.16650594664095147,1.0456444873031179,,0.32979749276759884,,1.8421729347476696,,,,,,0.0,,6.0,,,0.0,0.0,19.0,,0.0,,44.0,,,,
25/0183,124203,2439,2318,121,8259,2025-04-23 00:10:00,2025-05-12 13:52:00,28182,947,0.04961049610496105,0.950389503895039,19.570833333333333,15.783333333333333,11.554735547355474,7,7,8259.0,121.0,CURVADO-CORT > SOLDADURA-RE > NORMALIZADO > GRANALLADO > CALIBRADO > TALLADO > RECTIFICADO,,644.0,,458.0,,,217.0,250.0,2072.0,,1069.0,,3549.0,,,,,,0.26404264042640424,,0.1877818778187782,,,0.08897088970889709,0.1025010250102501,0.8495284952849529,,0.43829438294382944,,1.4551045510455105,,,,,,0.0,,0.0,,,0.0,0.0,19.0,,88.0,,14.0,,,,
25/0187,081602,2500,2452,48,9809,2025-04-23 11:34:00,2025-06-12 20:07:00,72513,757,0.0192,0.9808,50.35625,12.616666666666667,29.0052,7,7,9809.0,48.0,CURVADO-CORT > SOLDADURA-RE > NORMALIZADO > GRANALLADO > CALIBRADO > TALLADO > RECTIFICADO,,851.0,,414.0,,,825.0,1017.0,2038.0,,929.0,,3735.0,,,,,,0.3404,,0.1656,,,0.33,0.4068,0.8152,,0.3716,,1.494,,,,,,0.0,,0.0,,,0.0,0.0,19.0,,0.0,,29.0,,,,
25/0192,091177,2460,2403,57,5540,2025-04-24 05:53:00,2025-05-16 04:00:00,31567,715,0.023170731707317073,0.9768292682926829,21.92152777777778,11.916666666666666,12.832113821138211,7,7,5540.0,57.0,CURVADO-CORT > SOLDADURA-RE > NORMALIZADO > GRANALLADO > TALLADO > TEMPLE-REVEN > RECTIFICADO,,,,334.0,,,240.0,240.0,1527.0,,748.0,,1426.0,,,1025.0,,,,,0.13577235772357724,,,0.0975609756097561,0.0975609756097561,0.6207317073170732,,0.3040650406504065,,0.5796747967479675,,,0.4166666666666667,,,,,0.0,,,0.0,0.0,6.0,,2.0,,42.0,,,7.0,
25/0196,902081,1324,1297,27,12743,2025-04-29 19:27:00,2025-06-10 14:01:00,60154,3260,0.02039274924471299,0.979607250755287,41.77361111111111,54.333333333333336,45.433534743202415,9,9,12743.0,27.0,CURVADO-CORT > SOLDADURA-RE > NORMALIZADO > GRANALLADO > CALIBRADO > TALLADO > ENTRADA DE D > TEMPLE-REVEN > RECTIFICADO,,530.0,,326.0,,3235.0,246.0,246.0,2422.0,,737.0,,3279.0,,,1722.0,,,0.4003021148036254,,0.24622356495468278,,2.443353474320242,0.18580060422960726,0.18580060422960726,1.8293051359516617,,0.5566465256797583,,2.476586102719033,,,1.3006042296072509,,,0.0,,4.0,,3.0,0.0,0.0,4.0,,8.0,,3.0,,,5.0,
25/0199,031100,5700,5665,35,16998,2025-04-24 18:07:00,2025-05-08 11:10:00,19743,1310,0.0061403508771929825,0.993859649122807,13.710416666666667,21.833333333333332,3.4636842105263157,8,8,16998.0,35.0,CURVADO-CORT > SOLDADURA-RE > NORMALIZADO > GRANALLADO > CALIBRADO > TALLADO > ENTRADA DE D > RECTIFICADO,,737.0,,919.0,,3555.0,195.0,195.0,3400.0,,2066.0,,5931.0,,,,,,0.12929824561403508,,0.1612280701754386,,0.6236842105263158,0.034210526315789476,0.034210526315789476,0.5964912280701754,,0.3624561403508772,,1.0405263157894737,,,,,,0.0,,3.0,,4.0,0.0,0.0,25.0,,2.0,,1.0,,,,
25/0200 ST,031100,3062,3045,17,10491,2025-04-28 06:54:00,2025-05-09 15:42:00,16368,665,0.005551926845199217,0.9944480731548008,11.366666666666667,11.083333333333334,5.345525800130633,8,8,10491.0,17.0,CURVADO-CORT > SOLDADURA-RE > NORMALIZADO > GRANALLADO > CALIBRADO > TALLADO > ENTRADA DE D > RECTIFICADO,,434.0,,220.0,,1817.0,370.0,370.0,1712.0,,1913.0,,3655.0,,,,,,0.1417374265186153,,0.07184846505551927,,0.5934030045721751,0.12083605486610059,0.12083605486610059,0.5591116917047682,,0.6247550620509471,,1.1936642717178314,,,,,,0.0,,0.0,,1.0,0.0,0.0,13.0,,3.0,,0.0,,,,
25/0201,081602,3668,3582,86,12381,2025-04-25 12:44:00,2025-06-26 16:54:00,89530,1488,0.023446019629225736,0.9765539803707742,62.173611111111114,24.8,24.408396946564885,7,7,12381.0,86.0,CURVADO-CORT > SOLDADURA-RE > NORMALIZADO > GRANALLADO > CALIBRADO > TALLADO > RECTIFICADO,,1225.0,,623.0,,,456.0,457.0,2944.0,,2266.0,,4410.0,,,,,,0.33396946564885494,,0.16984732824427481,,,0.12431842966194111,0.12459105779716467,0.8026172300981461,,0.6177753544165758,,1.202290076335878,,,,,,0.0,,0.0,,,0.0,0.0,75.0,,7.0,,4.0,,,,
25/0202,086503,3153,3116,37,8841,2025-04-29 03:50:00,2025-05-14 11:40:00,22070,485,0.011734855692990803,0.9882651443070092,15.32638888888889,8.083333333333334,6.999682841738028,7,7,8841.0,37.0,CURVADO-CORT > SOLDADURA-RE > GRANALLADO > NORMALIZADO > CALIBRADO > TALLADO > RECTIFICADO,,412.0,,468.0,,,478.0,625.0,2610.0,,1130.0,,3118.0,,,,,,0.13066920393276246,,0.14843006660323502,,,0.15160164922296226,0.19822391373295276,0.8277830637488106,,0.35838883602917854,,0.9888994608309547,,,,,,0.0,,0.0,,,0.0,0.0,11.0,,6.0,,20.0,,,,
25/0206,091135,14215,14208,7,3896,2025-04-30 17:21:00,2025-06-13 02:51:00,62490,185,0.0004924375659514597,0.9995075624340486,43.395833333333336,3.0833333333333335,4.396060499472388,8,8,3896.0,7.0,CURVADO-CORT > SOLDADURA-RE > NORMALIZADO > GRANALLADO > CALIBRADO > TALLADO > TEMPLE-REVEN > RECTIFICADO,,290.0,,229.0,,,145.0,145.0,926.0,,517.0,,959.0,,,685.0,,,0.0204009848751319,,0.016109743228983467,,,0.01020049243756595,0.01020049243756595,0.06514245515300739,,0.03637003165670067,,0.06746394653534998,,,0.0481885332395357,,,0.0,,0.0,,,0.0,0.0,0.0,,0.0,,2.0,,,5.0,
25/0216,081216,5713,5630,83,18906,2025-05-06 04:53:00,2025-05-16 13:34:00,14921,1793,0.01452826886049361,0.9854717311395064,10.361805555555556,29.883333333333333,2.611762646595484,7,7,18906.0,83.0,CURVADO-CORT > SOLDADURA-RE > NORMALIZADO > GRANALLADO > CALIBRADO > TALLADO > RECTIFICADO,,790.0,,791.0,,,747.0,749.0,5377.0,,2002.0,,8450.0,,,,,,0.13828111325048137,,0.13845615263434272,,,0.1307544197444425,0.13110449851216524,0.9411867670225801,,0.35042884649046036,,1.4790827936285664,,,,,,0.0,,7.0,,,0.0,0.0,62.0,,2.0,,12.0,,,,
25/0217,081303,3000,2926,74,8212,2025-05-05 12:59:00,2025-05-14 02:16:00,12317,935,0.024666666666666667,0.9753333333333334,8.553472222222222,15.583333333333334,4.105666666666667,7,7,8212.0,74.0,CURVADO-CORT > SOLDADURA-RE > NORMALIZADO > GRANALLADO > CALIBRADO > TALLADO > RECTIFICADO,,592.0,,387.0,,,460.0,460.0,2291.0,,1257.0,,2765.0,,,,,,0.19733333333333333,,0.129,,,0.15333333333333332,0.15333333333333332,0.7636666666666667,,0.419,,0.9216666666666666,,,,,,0.0,,12.0,,,0.0,0.0,55.0,,0.0,,7.0,,,,
25/0219 ST,081303,2072,2059,13,4817,2025-05-05 19:26:00,2025-05-15 08:38:00,13752,344,0.006274131274131274,0.9937258687258688,9.55,5.733333333333333,6.637065637065637,7,7,4817.0,13.0,CURVADO-CORT > SOLDADURA-RE > NORMALIZADO > GRANALLADO > CALIBRADO > TALLADO > RECTIFICADO,,242.0,,268.0,,,283.0,284.0,1344.0,,639.0,,1757.0,,,,,,0.1167953667953668,,0.12934362934362933,,,0.1365830115830116,0.13706563706563707,0.6486486486486487,,0.3083976833976834,,0.847972972972973,,,,,,0.0,,0.0,,,0.0,0.0,8.0,,2.0,,3.0,,,,
25/0220,081GJ1,3000,2978,22,9386,2025-05-08 07:18:00,2025-05-28 13:03:00,29145,1004,0.007333333333333333,0.9926666666666667,20.239583333333332,16.733333333333334,9.715,8,8,9386.0,22.0,CURVADO-CORT > SOLDADURA-RE > NORMALIZADO > GRANALLADO > CALIBRADO > TALLADO > TEMPLE-REVEN > RECTIFICADO,,1074.0,,379.0,,,351.0,352.0,1800.0,,1177.0,,2315.0,,,1938.0,,,0.358,,0.12633333333333333,,,0.117,0.11733333333333333,0.6,,0.3923333333333333,,0.7716666666666666,,,0.646,,,0.0,,2.0,,,0.0,0.0,6.0,,5.0,,0.0,,,9.0,
25/0224,190301,1272,1210,62,11122,2025-05-12 07:50:00,2025-07-03 05:59:00,74769,2045,0.04874213836477988,0.9512578616352201,51.922916666666666,34.083333333333336,58.780660377358494,10,10,11122.0,62.0,CURVADO-CORT > SOLDADURA-RE > NORMALIZADO > GRANALLADO > CALIBRADO > APLANADO > TALLADO > ENTRADA DE D > TEMPLE-REVEN > RECTIFICADO,397.0,461.0,,256.0,,2465.0,159.0,216.0,3076.0,,452.0,,2586.0,,,1054.0,,0.3121069182389937,0.36242138364779874,,0.20125786163522014,,1.9378930817610063,0.125,0.16981132075471697,2.4182389937106916,,0.3553459119496855,,2.0330188679245285,,,0.8286163522012578,,0.0,0.0,,0.0,,42.0,0.0,0.0,1.0,,5.0,,11.0,,,3.0,
25/0225,081906,3329,3279,50,12980,2025-05-07 16:51:00,2025-06-06 09:51:00,42780,1389,0.015019525382997898,0.9849804746170021,29.708333333333332,23.15,12.850705917693,7,7,12980.0,50.0,CURVADO-CORT > SOLDADURA-RE > NORMALIZADO > GRANALLADO > CALIBRADO > TALLADO > RECTIFICADO,,1064.0,,576.0,,,463.0,462.0,3377.0,,1230.0,,5808.0,,,,,,0.31961550015019524,,0.1730249324121358,,,0.13908080504656053,0.13878041453890058,1.014418744367678,,0.3694803244217483,,1.7446680684890357,,,,,,0.0,,0.0,,,0.0,0.0,33.0,,4.0,,13.0,,,,
25/0228,031100,7000,6916,84,21984,2025-05-08 14:13:00,2025-05-26 12:58:00,25845,1354,0.012,0.988,17.947916666666668,22.566666666666666,3.692142857142857,8,8,21984.0,84.0,CURVADO-CORT > SOLDADURA-RE > NORMALIZADO > GRANALLADO > CALIBRADO > TALLADO > ENTRADA DE D > RECTIFICADO,,900.0,,959.0,,4419.0,724.0,726.0,4080.0,,2476.0,,7700.0,,,,,,0.12857142857142856,,0.137,,0.6312857142857143,0.10342857142857143,0.10371428571428572,0.5828571428571429,,0.3537142857142857,,1.1,,,,,,0.0,,0.0,,2.0,0.0,0.0,31.0,,19.0,,32.0,,,,
25/0229 ST,031100,1669,1664,5,4784,2025-05-09 19:38:00,2025-05-21 16:24:00,17086,308,0.0029958058717795086,0.9970041941282205,11.865277777777777,5.133333333333334,10.237267825044936,8,8,4784.0,5.0,CURVADO-CORT > SOLDADURA-RE > NORMALIZADO > GRANALLADO > CALIBRADO > TALLADO > ENTRADA DE D > RECTIFICADO,,202.0,,235.0,,975.0,172.0,173.0,972.0,,461.0,,1594.0,,,,,,0.12103055721989216,,0.14080287597363692,,0.5841821449970042,0.1030557219892151,0.10365488316357101,0.5823846614739365,,0.2762133013780707,,0.9550629119233074,,,,,,0.0,,0.0,,0.0,0.0,0.0,5.0,,0.0,,0.0,,,,
25/0235,091177,2214,2206,8,5594,2025-05-13 21:54:00,2025-05-21 13:54:00,11040,334,0.0036133694670280035,0.996386630532972,7.666666666666667,5.566666666666666,4.986449864498645,8,8,5594.0,8.0,CURVADO-CORT > SOLDADURA-RE > NORMALIZADO > GRANALLADO > CALIBRADO > TALLADO > TEMPLE-REVEN > RECTIFICADO,,342.0,,315.0,,,240.0,240.0,1307.0,,671.0,,1495.0,,,984.0,,,0.15447154471544716,,0.14227642276422764,,,0.10840108401084012,0.10840108401084012,0.5903342366757001,,0.3030713640469738,,0.6752484191508582,,,0.4444444444444444,,,0.0,,2.0,,,0.0,0.0,4.0,,0.0,,0.0,,,2.0,
25/0236,081290,3000,2949,51,10569,2025-05-14 06:22:00,2025-05-30 22:00:00,23978,899,0.017,0.983,16.65138888888889,14.983333333333333,7.992666666666667,8,8,10569.0,51.0,CURVADO-CORT > SOLDADURA-RE > GRANALLADO > NORMALIZADO > CALIBRADO > TALLADO > ENTRADA DE D > RECTIFICADO,,551.0,,369.0,,3278.0,506.0,506.0,2036.0,,1023.0,,2300.0,,,,,,0.18366666666666667,,0.123,,1.0926666666666667,0.16866666666666666,0.16866666666666666,0.6786666666666666,,0.341,,0.7666666666666667,,,,,,0.0,,0.0,,16.0,0.0,0.0,29.0,,6.0,,0.0,,,,
25/0241,081290,3000,2945,55,11909,2025-05-14 12:31:00,2025-06-12 08:26:00,41515,1369,0.018333333333333333,0.9816666666666667,28.82986111111111,22.816666666666666,13.838333333333333,8,8,11909.0,55.0,CURVADO-CORT > SOLDADURA-RE > NORMALIZADO > GRANALLADO > CALIBRADO > TALLADO > ENTRADA DE D > RECTIFICADO,,476.0,,442.0,,3553.0,352.0,352.0,2060.0,,956.0,,3718.0,,,,,,0.15866666666666668,,0.14733333333333334,,1.1843333333333332,0.11733333333333333,0.11733333333333333,0.6866666666666666,,0.31866666666666665,,1.2393333333333334,,,,,,0.0,,0.0,,10.0,0.0,0.0,26.0,,8.0,,11.0,,,,
25/0244,081303,5107,5033,74,11713,2025-05-15 11:09:00,2025-05-23 19:12:00,12003,1062,0.01448991580184061,0.9855100841981594,8.335416666666667,17.7,2.3503035049931467,7,7,11713.0,74.0,CURVADO-CORT > SOLDADURA-RE > NORMALIZADO > GRANALLADO > CALIBRADO > TALLADO > RECTIFICADO,,689.0,,599.0,,,596.0,596.0,2945.0,,2085.0,,4203.0,,,,,,0.13491286469551597,,0.11728999412570981,,,0.11670256510671627,0.11670256510671627,0.5766594869786568,,0.4082631682005091,,0.8229880556099471,,,,,,0.0,,0.0,,,0.0,0.0,27.0,,6.0,,41.0,,,,
25/0262,091232,4469,4406,63,12732,2025-05-27 06:01:00,2025-06-04 21:08:00,12427,1026,0.014097113448198702,0.9859028865518012,8.629861111111111,17.1,2.780711568583576,8,8,12732.0,63.0,CURVADO-CORT > SOLDADURA-RE > CALIBRADO > GRANALLADO > NORMALIZADO > TALLADO > TEMPLE-REVEN > RECTIFICADO,,762.0,,606.0,,,485.0,658.0,2828.0,,1627.0,,3194.0,,,2572.0,,,0.1705079436115462,,0.1356008055493399,,,0.10852539718057731,0.147236518236742,0.6328037592302529,,0.36406354889236964,,0.7147012754531215,,,0.5755202506153502,,,0.0,,2.0,,,0.0,0.0,5.0,,26.0,,24.0,,,6.0,
25/0265,091177,3000,2950,50,8582,2025-05-26 11:28:00,2025-07-08 10:40:00,61872,1013,0.016666666666666666,0.9833333333333333,42.96666666666667,16.883333333333333,20.624,8,8,8582.0,50.0,CURVADO-CORT > SOLDADURA-RE > NORMALIZADO > GRANALLADO > CALIBRADO > TALLADO > TEMPLE-REVEN > RECTIFICADO,,377.0,,519.0,,,365.0,365.0,2215.0,,1095.0,,2140.0,,,1506.0,,,0.12566666666666668,,0.173,,,0.12166666666666667,0.12166666666666667,0.7383333333333333,,0.365,,0.7133333333333334,,,0.502,,,0.0,,1.0,,,0.0,0.0,2.0,,10.0,,29.0,,,8.0,
25/0270,091177,3000,2961,39,8287,2025-05-28 16:01:00,2025-06-10 04:14:00,18013,581,0.013,0.987,12.509027777777778,9.683333333333334,6.004333333333333,8,8,8287.0,39.0,CURVADO-CORT > SOLDADURA-RE > NORMALIZADO > GRANALLADO > CALIBRADO > TALLADO > TEMPLE-REVEN > RECTIFICADO,,439.0,,559.0,,,315.0,396.0,2370.0,,1114.0,,1710.0,,,1384.0,,,0.14633333333333334,,0.18633333333333332,,,0.105,0.132,0.79,,0.37133333333333335,,0.57,,,0.4613333333333333,,,0.0,,21.0,,,0.0,0.0,6.0,,3.0,,4.0,,,5.0,
25/0276,031100,9200,9148,52,26656,2025-05-29 10:28:00,2025-06-05 09:19:00,10011,867,0.005652173913043478,0.9943478260869565,6.952083333333333,14.45,1.0881521739130435,8,8,26656.0,52.0,CURVADO-CORT > SOLDADURA-RE > NORMALIZADO > GRANALLADO > CALIBRADO > TALLADO > ENTRADA DE D > RECTIFICADO,,1352.0,,1019.0,,5701.0,917.0,918.0,5194.0,,2717.0,,8838.0,,,,,,0.14695652173913043,,0.11076086956521738,,0.6196739130434783,0.09967391304347827,0.09978260869565217,0.5645652173913044,,0.29532608695652174,,0.9606521739130435,,,,,,0.0,,4.0,,1.0,0.0,0.0,38.0,,3.0,,6.0,,,,
25/0277 ST,031100,3534,3516,18,9196,2025-06-02 01:46:00,2025-06-09 12:07:00,10701,282,0.0050933786078098476,0.9949066213921901,7.43125,4.7,3.0280135823429544,8,8,9196.0,18.0,CURVADO-CORT > SOLDADURA-RE > NORMALIZADO > GRANALLADO > CALIBRADO > TALLADO > ENTRADA DE D > RECTIFICADO,,456.0,,426.0,,2093.0,329.0,330.0,1882.0,,1074.0,,2606.0,,,,,,0.12903225806451613,,0.12054329371816638,,0.5922467458970005,0.09309564233163554,0.0933786078098472,0.5325410299943407,,0.30390492359932086,,0.7374080362195812,,,,,,0.0,,0.0,,1.0,0.0,0.0,12.0,,5.0,,0.0,,,,
25/0283,091503,3000,2950,50,10506,2025-05-29 18:12:00,2025-06-09 12:34:00,15502,1404,0.016666666666666666,0.9833333333333333,10.765277777777778,23.4,5.167333333333334,8,8,10506.0,50.0,CURVADO-CORT > SOLDADURA-RE > NORMALIZADO > GRANALLADO > CALIBRADO > TALLADO > TEMPLE-REVEN > RECTIFICADO,,1005.0,,470.0,,,482.0,483.0,2153.0,,1105.0,,2989.0,,,1819.0,,,0.335,,0.15666666666666668,,,0.16066666666666668,0.161,0.7176666666666667,,0.36833333333333335,,0.9963333333333333,,,0.6063333333333333,,,0.0,,0.0,,,0.0,0.0,25.0,,17.0,,0.0,,,8.0,
25/0296,031100,5800,5754,46,17793,2025-06-05 11:18:00,2025-06-19 03:05:00,19667,1319,0.007931034482758621,0.9920689655172413,13.657638888888888,21.983333333333334,3.390862068965517,8,8,17793.0,46.0,CURVADO-CORT > SOLDADURA-RE > NORMALIZADO > GRANALLADO > CALIBRADO > TALLADO > ENTRADA DE D > RECTIFICADO,,847.0,,713.0,,3881.0,521.0,522.0,4089.0,,1861.0,,5359.0,,,,,,0.1460344827586207,,0.12293103448275862,,0.6691379310344827,0.08982758620689656,0.09,0.705,,0.3208620689655172,,0.9239655172413793,,,,,,0.0,,1.0,,0.0,0.0,0.0,18.0,,2.0,,25.0,,,,
25/0297 ST,031100,3045,3019,26,8999,2025-06-06 19:12:00,2025-06-20 06:58:00,19426,574,0.008538587848932676,0.9914614121510673,13.490277777777777,9.566666666666666,6.3796387520525455,8,8,8999.0,26.0,CURVADO-CORT > SOLDADURA-RE > NORMALIZADO > GRANALLADO > CALIBRADO > TALLADO > ENTRADA DE D > RECTIFICADO,,609.0,,426.0,,1786.0,340.0,340.0,1673.0,,938.0,,2887.0,,,,,,0.2,,0.1399014778325123,,0.5865353037766831,0.1116584564860427,0.1116584564860427,0.5494252873563218,,0.3080459770114943,,0.948111658456486,,,,,,0.0,,0.0,,0.0,0.0,0.0,14.0,,12.0,,0.0,,,,
25/0299,081303,8000,7919,81,20356,2025-06-06 12:22:00,2025-06-17 13:51:00,15929,2443,0.010125,0.989875,11.061805555555555,40.71666666666667,1.991125,7,7,20356.0,81.0,CURVADO-CORT > SOLDADURA-RE > NORMALIZADO > GRANALLADO > CALIBRADO > TALLADO > RECTIFICADO,,1043.0,,1040.0,,,1107.0,1106.0,5516.0,,2608.0,,7936.0,,,,,,0.130375,,0.13,,,0.138375,0.13825,0.6895,,0.326,,0.992,,,,,,22.0,,0.0,,,0.0,0.0,55.0,,4.0,,0.0,,,,
25/0300 ST,081303,1324,1319,5,2616,2025-06-10 21:58:00,2025-06-18 00:31:00,10233,327,0.0037764350453172208,0.9962235649546828,7.10625,5.45,7.728851963746224,7,7,2616.0,5.0,CURVADO-CORT > SOLDADURA-RE > NORMALIZADO > GRANALLADO > CALIBRADO > TALLADO > RECTIFICADO,,152.0,,169.0,,,169.0,169.0,640.0,,432.0,,885.0,,,,,,0.1148036253776435,,0.12764350453172205,,,0.12764350453172205,0.12764350453172205,0.48338368580060426,,0.32628398791540786,,0.668429003021148,,,,,,0.0,,0.0,,,0.0,0.0,5.0,,0.0,,0.0,,,,
25/0314,081216,1697,1653,44,5758,2025-06-12 15:27:00,2025-06-19 06:00:00,9513,237,0.02592810842663524,0.9740718915733647,6.60625,3.95,5.6057748968768415,7,7,5758.0,44.0,CURVADO-CORT > SOLDADURA-RE > NORMALIZADO > GRANALLADO > CALIBRADO > TALLADO > RECTIFICADO,,319.0,,276.0,,,195.0,194.0,1613.0,,586.0,,2575.0,,,,,,0.18797878609310548,,0.1626399528579847,,,0.11490866234531526,0.11431938715380083,0.9505008839127873,,0.34531526222746023,,1.5173836181496758,,,,,,0.0,,21.0,,,0.0,0.0,9.0,,2.0,,12.0,,,,
25/0315,081216,1781,1762,19,6116,2025-06-12 20:04:00,2025-06-20 06:55:00,10731,706,0.010668163952835485,0.9893318360471645,7.452083333333333,11.766666666666667,6.025266704098821,7,7,6116.0,19.0,CURVADO-CORT > SOLDADURA-RE > NORMALIZADO > GRANALLADO > CALIBRADO > TALLADO > RECTIFICADO,,302.0,,268.0,,,283.0,284.0,1493.0,,648.0,,2838.0,,,,,,0.1695676586187535,,0.15047725996631106,,,0.15889949466591802,0.15946097697922515,0.8382930937675463,,0.36384053902302077,,1.5934868051656372,,,,,,0.0,,0.0,,,0.0,0.0,13.0,,1.0,,5.0,,,,
25/0318 ST,086503,2319,2280,39,7330,2025-06-13 00:32:00,2025-06-24 00:04:00,15812,954,0.016817593790426907,0.9831824062095731,10.980555555555556,15.9,6.8184562311341095,7,7,7330.0,39.0,CURVADO-CORT > SOLDADURA-RE > NORMALIZADO > GRANALLADO > CALIBRADO > TALLADO > RECTIFICADO,,347.0,,402.0,,,314.0,314.0,1959.0,,1010.0,,2984.0,,,,,,0.14963346269943942,,0.17335058214747737,,,0.13540319103061665,0.13540319103061665,0.8447606727037517,,0.43553255713669686,,1.2867615351444588,,,,,,0.0,,0.0,,,0.0,0.0,11.0,,0.0,,28.0,,,,
25/0319,086503,1314,1306,8,3866,2025-06-13 07:44:00,2025-06-24 18:11:00,16467,277,0.0060882800608828,0.9939117199391172,11.435416666666667,4.616666666666666,12.531963470319635,7,7,3866.0,8.0,CURVADO-CORT > SOLDADURA-RE > NORMALIZADO > GRANALLADO > CALIBRADO > TALLADO > RECTIFICADO,,169.0,,257.0,,,241.0,242.0,1085.0,,521.0,,1351.0,,,,,,0.12861491628614916,,0.19558599695585996,,,0.18340943683409436,0.1841704718417047,0.8257229832572298,,0.3964992389649924,,1.0281582952815829,,,,,,0.0,,0.0,,,0.0,0.0,5.0,,3.0,,0.0,,,,
25/0320,031100,6000,5931,69,18578,2025-06-16 23:48:00,2025-06-30 05:55:00,19087,1454,0.0115,0.9885,13.254861111111111,24.233333333333334,3.1811666666666665,8,8,18578.0,69.0,CURVADO-CORT > SOLDADURA-RE > NORMALIZADO > GRANALLADO > CALIBRADO > TALLADO > ENTRADA DE D > RECTIFICADO,,481.0,,790.0,,3789.0,652.0,653.0,3679.0,,2473.0,,6061.0,,,,,,0.08016666666666666,,0.13166666666666665,,0.6315,0.10866666666666666,0.10883333333333334,0.6131666666666666,,0.4121666666666667,,1.0101666666666667,,,,,,0.0,,7.0,,0.0,0.0,0.0,21.0,,18.0,,23.0,,,,
25/0323,081290,4488,4445,43,21055,2025-06-13 17:25:00,2025-07-03 22:00:00,29075,3451,0.009581105169340463,0.9904188948306596,20.19097222222222,57.516666666666666,6.478386809269162,8,8,21055.0,43.0,CURVADO-CORT > SOLDADURA-RE > NORMALIZADO > GRANALLADO > CALIBRADO > TALLADO > ENTRADA DE D > RECTIFICADO,,657.0,,677.0,,7678.0,505.0,504.0,3947.0,,1597.0,,5490.0,,,,,,0.1463903743315508,,0.15084670231729055,,1.7107843137254901,0.1125222816399287,0.11229946524064172,0.8794563279857398,,0.35583778966131907,,1.2232620320855614,,,,,,0.0,,0.0,,16.0,0.0,0.0,10.0,,12.0,,5.0,,,,
25/0335,081216,3452,3418,34,10504,2025-06-19 14:23:00,2025-07-01 11:41:00,17118,1386,0.009849362688296639,0.9901506373117034,11.8875,23.1,4.958864426419467,4,4,10504.0,34.0,CURVADO-CORT > SOLDADURA-RE > TALLADO > RECTIFICADO,,,,540.0,,,,,3159.0,,1919.0,,4886.0,,,,,,,,0.1564310544611819,,,,,0.9151216685979142,,0.555909617612978,,1.4154113557358052,,,,,,,,0.0,,,,,14.0,,3.0,,17.0,,,,
25/0748,081906,5000,4960,40,19663,2025-05-19 13:20:00,2025-06-16 23:10:00,40910,2889,0.008,0.992,28.40972222222222,48.15,8.182,7,7,19663.0,40.0,CURVADO-CORT > SOLDADURA-RE > NORMALIZADO > GRANALLADO > CALIBRADO > TALLADO > RECTIFICADO,,1904.0,,688.0,,,568.0,429.0,6316.0,,1946.0,,7812.0,,,,,,0.3808,,0.1376,,,0.1136,0.0858,1.2632,,0.3892,,1.5624,,,,,,0.0,,8.0,,,0.0,0.0,18.0,,13.0,,1.0,,,,
25/0749,124203,8446,8223,223,31622,2025-05-16 13:56:00,2025-06-24 11:21:00,56005,5140,0.02640303102060147,0.9735969689793985,38.892361111111114,85.66666666666667,6.630949561922804,7,7,31622.0,223.0,CURVADO-CORT > SOLDADURA-RE > NORMALIZADO > GRANALLADO > CALIBRADO > TALLADO > RECTIFICADO,,2644.0,,1578.0,,,1304.0,1303.0,7097.0,,3065.0,,14631.0,,,,,,0.31304759649538244,,0.18683400426237273,,,0.15439261188728393,0.15427421264503907,0.8402794222116978,,0.36289367748046414,,1.732299313284395,,,,,,0.0,,0.0,,,0.0,0.0,84.0,,7.0,,132.0,,,,
25/0750,124203,3624,3542,82,13133,2025-05-20 13:56:00,2025-07-03 07:16:00,62960,2136,0.02262693156732892,0.9773730684326711,43.72222222222222,35.6,17.373068432671083,7,7,13133.0,82.0,CURVADO-CORT > SOLDADURA-RE > NORMALIZADO > GRANALLADO > CALIBRADO > TALLADO > RECTIFICADO,,1174.0,,769.0,,,405.0,368.0,4150.0,,1316.0,,4951.0,,,,,,0.3239514348785872,,0.21219646799116998,,,0.11175496688741722,0.10154525386313466,1.1451434878587197,,0.3631346578366446,,1.3661699779249448,,,,,,3.0,,0.0,,,0.0,0.0,63.0,,3.0,,13.0,,,,
25/0751,081GJ1,2500,2441,59,7758,2025-05-20 19:01:00,2025-06-03 20:11:00,20230,1207,0.0236,0.9764,14.04861111111111,20.116666666666667,8.092,8,8,7758.0,59.0,CURVADO-CORT > SOLDADURA-RE > NORMALIZADO > GRANALLADO > CALIBRADO > TALLADO > TEMPLE-REVEN > RECTIFICADO,,888.0,,346.0,,,246.0,181.0,1574.0,,922.0,,2017.0,,,1584.0,,,0.3552,,0.1384,,,0.0984,0.0724,0.6296,,0.3688,,0.8068,,,0.6336,,,0.0,,0.0,,,0.0,0.0,1.0,,11.0,,31.0,,,16.0,
25/0755,086503,7190,7128,62,22304,2025-05-21 13:54:00,2025-05-30 00:41:00,12167,3322,0.008623087621696801,0.9913769123783032,8.449305555555556,55.36666666666667,1.69221140472879,7,7,22304.0,62.0,CURVADO-CORT > SOLDADURA-RE > NORMALIZADO > GRANALLADO > CALIBRADO > TALLADO > RECTIFICADO,,1008.0,,1179.0,,,1136.0,1137.0,5614.0,,3594.0,,8636.0,,,,,,0.14019471488178026,,0.1639777468706537,,,0.1579972183588317,0.15813630041724616,0.7808066759388039,,0.49986091794158555,,1.2011126564673158,,,,,,0.0,,2.0,,,0.0,0.0,42.0,,15.0,,3.0,,,,
25/1012,081910,1435,1415,20,8117,2025-01-24 16:01:00,2025-02-24 13:56:00,44515,1245,0.013937282229965157,0.9860627177700348,30.913194444444443,20.75,31.020905923344948,8,8,8117.0,20.0,CURVADO-CORT > SOLDADURA-RE > NORMALIZADO > GRANALLADO > CALIBRADO > TALLADO > TEMPLE-REVEN > RECTIFICADO,,340.0,,350.0,,,212.0,213.0,2589.0,,664.0,,2934.0,,,815.0,,,0.23693379790940766,,0.24390243902439024,,,0.14773519163763066,0.14843205574912893,1.8041811846689895,,0.4627177700348432,,2.0445993031358887,,,0.5679442508710801,,,0.0,,0.0,,,0.0,0.0,0.0,,6.0,,12.0,,,2.0,
25/1013,081910,1435,1408,27,7311,2025-01-27 01:21:00,2025-03-07 05:17:00,56396,926,0.018815331010452963,0.981184668989547,39.16388888888889,15.433333333333334,39.30034843205575,8,8,7311.0,27.0,CURVADO-CORT > SOLDADURA-RE > GRANALLADO > NORMALIZADO > CALIBRADO > TALLADO > TEMPLE-REVEN > RECTIFICADO,,303.0,,273.0,,,240.0,240.0,3301.0,,631.0,,1501.0,,,822.0,,,0.21114982578397212,,0.1902439024390244,,,0.1672473867595819,0.1672473867595819,2.300348432055749,,0.4397212543554007,,1.045993031358885,,,0.572822299651568,,,0.0,,2.0,,,0.0,0.0,8.0,,12.0,,1.0,,,4.0,
25/1014,902081,2337,2277,60,19197,2025-01-27 05:54:00,2025-02-25 23:01:00,42787,3889,0.025673940949935817,0.9743260590500642,29.713194444444444,64.81666666666666,18.30851519041506,9,9,19197.0,60.0,CURVADO-CORT > SOLDADURA-RE > NORMALIZADO > GRANALLADO > CALIBRADO > TALLADO > ENTRADA DE D > TEMPLE-REVEN > RECTIFICADO,,954.0,,391.0,,6140.0,416.0,417.0,2396.0,,1219.0,,5338.0,,,1926.0,,,0.40821566110397944,,0.16730851519041506,,2.6272999572100986,0.17800599058622166,0.17843388960205392,1.0252460419341036,,0.5216089002995293,,2.284124946512623,,,0.8241335044929397,,,0.0,,0.0,,5.0,0.0,0.0,9.0,,3.0,,32.0,,,11.0,
