mov_id,material_lot_id,item_ref_id,tipo_mov,qty,fecha_ts
MOV-20250107-0001,0,124203,IN,360,2025-01-07T00:00:00
MOV-20250107-0002,0,031100,IN,1061,2025-01-07T00:00:00
MOV-20250107-0003,0,563404,IN,666,2025-01-07T00:00:00
MOV-20250107-0004,0,081000,IN,119,2025-01-07T00:00:00
MOV-20250107-0005,0,081602,IN,115,2025-01-07T00:00:00
MOV-20250107-0006,0,081505,IN,527,2025-01-07T00:00:00
MOV-20250108-0007,0,081901,IN,1729,2025-01-08T00:00:00
MOV-20250108-0008,0,031100,IN,2144,2025-01-08T00:00:00
MOV-20250108-0009,0,918506,IN,848,2025-01-08T00:00:00
MOV-20250108-0010,0,563404,IN,1332,2025-01-08T00:00:00
MOV-20250108-0011,0,081GJ1,IN,675,2025-01-08T00:00:00
MOV-20250108-0012,0,081290,IN,600,2025-01-08T00:00:00
MOV-20250108-0013,0,936305,IN,250,2025-01-08T00:00:00
MOV-20250108-0014,0,081505,IN,612,2025-01-08T00:00:00
MOV-20250109-0015,0,124203,IN,1125,2025-01-09T00:00:00
MOV-20250109-0016,0,081216,IN,1044,2025-01-09T00:00:00
MOV-20250109-0017,0,081901,IN,1296,2025-01-09T00:00:00
MOV-20250109-0018,0,031100,IN,725,2025-01-09T00:00:00
MOV-20250109-0019,0,081303,IN,945,2025-01-09T00:00:00
MOV-20250109-0020,0,081GJ1,IN,1542,2025-01-09T00:00:00
MOV-20250109-0021,0,552012,IN,493,2025-01-09T00:00:00
MOV-20250109-0022,0,118506,IN,430,2025-01-09T00:00:00
MOV-20250109-0023,0,081290,IN,600,2025-01-09T00:00:00
MOV-20250109-0024,0,081602,IN,281,2025-01-09T00:00:00
MOV-20250109-0025,0,936305,IN,226,2025-01-09T00:00:00
MOV-20250109-0026,0,008011,IN,1365,2025-01-09T00:00:00
MOV-20250109-0027,0,091503,IN,656,2025-01-09T00:00:00
MOV-20250110-0028,0,124203,IN,3015,2025-01-10T00:00:00
MOV-20250110-0029,0,081147,IN,1302,2025-01-10T00:00:00
MOV-20250110-0030,0,081216,IN,2536,2025-01-10T00:00:00
MOV-20250110-0031,0,081901,IN,432,2025-01-10T00:00:00
MOV-20250110-0032,0,918506,IN,640,2025-01-10T00:00:00
MOV-20250110-0033,0,563404,IN,666,2025-01-10T00:00:00
MOV-20250110-0034,0,081303,IN,1596,2025-01-10T00:00:00
MOV-20250110-0035,0,552012,IN,1320,2025-01-10T00:00:00
MOV-20250110-0036,0,091501,IN,1478,2025-01-10T00:00:00
MOV-20250110-0037,0,081103,IN,1000,2025-01-10T00:00:00
MOV-20250110-0038,0,936205,IN,980,2025-01-10T00:00:00
MOV-20250110-0039,0,06700,IN,27,2025-01-10T00:00:00
MOV-20250110-0040,0,081290,IN,1217,2025-01-10T00:00:00
MOV-20250110-0041,0,008011,IN,545,2025-01-10T00:00:00
MOV-20250110-0042,0,091503,IN,656,2025-01-10T00:00:00
MOV-20250110-0043,0,818500,IN,736,2025-01-10T00:00:00
MOV-20250113-0044,0,124203,IN,810,2025-01-13T00:00:00
MOV-20250113-0045,0,081147,IN,2604,2025-01-13T00:00:00
MOV-20250113-0046,0,081216,IN,1044,2025-01-13T00:00:00
MOV-20250113-0047,0,081901,IN,215,2025-01-13T00:00:00
MOV-20250113-0048,0,918506,IN,35,2025-01-13T00:00:00
MOV-20250113-0049,0,081803,IN,536,2025-01-13T00:00:00
MOV-20250113-0050,0,552012,IN,660,2025-01-13T00:00:00
MOV-20250113-0051,0,936205,IN,196,2025-01-13T00:00:00
MOV-20250113-0052,0,06700,IN,648,2025-01-13T00:00:00
MOV-20250113-0053,0,091503,IN,318,2025-01-13T00:00:00
MOV-20250114-0054,0,124203,IN,1170,2025-01-14T00:00:00
MOV-20250114-0055,0,081147,IN,2604,2025-01-14T00:00:00
MOV-20250114-0056,0,563404,IN,1998,2025-01-14T00:00:00
MOV-20250114-0057,0,081803,IN,536,2025-01-14T00:00:00
MOV-20250114-0058,0,552012,IN,1980,2025-01-14T00:00:00
MOV-20250114-0059,0,081103,IN,1675,2025-01-14T00:00:00
MOV-20250114-0060,0,936205,IN,313,2025-01-14T00:00:00
MOV-20250114-0061,0,06700,IN,520,2025-01-14T00:00:00
MOV-20250114-0062,0,081290,IN,583,2025-01-14T00:00:00
MOV-20250114-0063,0,081910,IN,969,2025-01-14T00:00:00
MOV-20250114-0064,0,081906,IN,864,2025-01-14T00:00:00
MOV-20250114-0065,0,011900,IN,0,2025-01-14T00:00:00
MOV-20250115-0066,0,124203,IN,405,2025-01-15T00:00:00
MOV-20250115-0067,0,081147,IN,2170,2025-01-15T00:00:00
MOV-20250115-0068,0,081216,IN,1254,2025-01-15T00:00:00
MOV-20250115-0069,0,918506,IN,2259,2025-01-15T00:00:00
MOV-20250115-0070,0,563404,IN,1332,2025-01-15T00:00:00
MOV-20250115-0071,0,081GJ1,IN,0,2025-01-15T00:00:00
MOV-20250115-0072,0,081803,IN,426,2025-01-15T00:00:00
MOV-20250115-0073,0,552012,IN,1104,2025-01-15T00:00:00
MOV-20250115-0074,0,081103,IN,1083,2025-01-15T00:00:00
MOV-20250115-0075,0,936205,IN,588,2025-01-15T00:00:00
MOV-20250115-0076,0,06700,IN,434,2025-01-15T00:00:00
MOV-20250115-0077,0,081906,IN,432,2025-01-15T00:00:00
MOV-20250115-0078,0,904802,IN,481,2025-01-15T00:00:00
MOV-20250115-0079,0,081505,IN,36,2025-01-15T00:00:00
MOV-20250116-0080,0,124203,IN,2070,2025-01-16T00:00:00
MOV-20250116-0081,0,081147,IN,499,2025-01-16T00:00:00
MOV-20250116-0082,0,081216,IN,1254,2025-01-16T00:00:00
MOV-20250116-0083,0,081901,IN,432,2025-01-16T00:00:00
MOV-20250116-0084,0,918506,IN,675,2025-01-16T00:00:00
MOV-20250116-0085,0,563404,IN,1332,2025-01-16T00:00:00
MOV-20250116-0086,0,081303,IN,1510,2025-01-16T00:00:00
MOV-20250116-0087,0,081GJ1,IN,2038,2025-01-16T00:00:00
MOV-20250116-0088,0,552012,IN,0,2025-01-16T00:00:00
MOV-20250116-0089,0,936205,IN,392,2025-01-16T00:00:00
MOV-20250116-0090,0,081602,IN,1485,2025-01-16T00:00:00
MOV-20250116-0091,0,936305,IN,593,2025-01-16T00:00:00
MOV-20250116-0092,0,081906,IN,1043,2025-01-16T00:00:00
MOV-20250116-0093,0,012301,IN,255,2025-01-16T00:00:00
MOV-20250117-0094,0,124203,IN,1620,2025-01-17T00:00:00
MOV-20250117-0095,0,081216,IN,1671,2025-01-17T00:00:00
MOV-20250117-0096,0,081901,IN,1296,2025-01-17T00:00:00
MOV-20250117-0097,0,918506,IN,1464,2025-01-17T00:00:00
MOV-20250117-0098,0,081303,IN,1585,2025-01-17T00:00:00
MOV-20250117-0099,0,081000,IN,1536,2025-01-17T00:00:00
MOV-20250117-0100,0,902081,IN,2422,2025-01-17T00:00:00
MOV-20250117-0101,0,936205,IN,501,2025-01-17T00:00:00
MOV-20250117-0102,0,473205,IN,387,2025-01-17T00:00:00
MOV-20250117-0103,0,081602,IN,41,2025-01-17T00:00:00
MOV-20250117-0104,0,936305,IN,500,2025-01-17T00:00:00
MOV-20250117-0105,0,904802,IN,586,2025-01-17T00:00:00
MOV-20250117-0106,0,012301,IN,138,2025-01-17T00:00:00
MOV-20250117-0107,0,081002,IN,801,2025-01-17T00:00:00
MOV-20250117-0108,0,092901,IN,312,2025-01-17T00:00:00
MOV-20250119-0109,0,124203,IN,710,2025-01-19T00:00:00
MOV-20250120-0110,0,124203,IN,405,2025-01-20T00:00:00
MOV-20250120-0111,0,081216,IN,522,2025-01-20T00:00:00
MOV-20250120-0112,0,081901,IN,2155,2025-01-20T00:00:00
MOV-20250120-0113,0,031100,IN,2680,2025-01-20T00:00:00
MOV-20250120-0114,0,918506,IN,1332,2025-01-20T00:00:00
MOV-20250120-0115,0,563404,IN,666,2025-01-20T00:00:00
MOV-20250120-0116,0,081303,IN,224,2025-01-20T00:00:00
MOV-20250120-0117,0,936205,IN,514,2025-01-20T00:00:00
MOV-20250120-0118,0,473205,IN,516,2025-01-20T00:00:00
MOV-20250120-0119,0,081910,IN,103,2025-01-20T00:00:00
MOV-20250120-0120,0,904802,IN,612,2025-01-20T00:00:00
MOV-20250121-0121,0,124203,IN,2025,2025-01-21T00:00:00
MOV-20250121-0122,0,081147,IN,158,2025-01-21T00:00:00
MOV-20250121-0123,0,081216,IN,1566,2025-01-21T00:00:00
MOV-20250121-0124,0,031100,IN,2680,2025-01-21T00:00:00
MOV-20250121-0125,0,918506,IN,484,2025-01-21T00:00:00
MOV-20250121-0126,0,563404,IN,1332,2025-01-21T00:00:00
MOV-20250121-0127,0,091232,IN,3071,2025-01-21T00:00:00
MOV-20250121-0128,0,473205,IN,516,2025-01-21T00:00:00
MOV-20250121-0129,0,904802,IN,595,2025-01-21T00:00:00
MOV-20250121-0130,0,818500,IN,285,2025-01-21T00:00:00
MOV-20250121-0131,0,012301,IN,138,2025-01-21T00:00:00
MOV-20250121-0132,0,091502,IN,359,2025-01-21T00:00:00
MOV-20250122-0133,0,124203,IN,360,2025-01-22T00:00:00
MOV-20250122-0134,0,081901,IN,0,2025-01-22T00:00:00
MOV-20250122-0135,0,031100,IN,1608,2025-01-22T00:00:00
MOV-20250122-0136,0,918506,IN,2025,2025-01-22T00:00:00
MOV-20250122-0137,0,563404,IN,916,2025-01-22T00:00:00
MOV-20250122-0138,0,081303,IN,1064,2025-01-22T00:00:00
MOV-20250122-0139,0,081803,IN,749,2025-01-22T00:00:00
MOV-20250122-0140,0,091501,IN,569,2025-01-22T00:00:00
MOV-20250122-0141,0,091177,IN,2400,2025-01-22T00:00:00
MOV-20250122-0142,0,473205,IN,516,2025-01-22T00:00:00
MOV-20250122-0143,0,081290,IN,0,2025-01-22T00:00:00
MOV-20250122-0144,0,936305,IN,891,2025-01-22T00:00:00
MOV-20250122-0145,0,081906,IN,0,2025-01-22T00:00:00
MOV-20250122-0146,0,510086,IN,368,2025-01-22T00:00:00
MOV-20250123-0147,0,124203,IN,1585,2025-01-23T00:00:00
MOV-20250123-0148,0,081216,IN,2610,2025-01-23T00:00:00
MOV-20250123-0149,0,081901,IN,378,2025-01-23T00:00:00
MOV-20250123-0150,0,031100,IN,1608,2025-01-23T00:00:00
MOV-20250123-0151,0,918506,IN,873,2025-01-23T00:00:00
MOV-20250123-0152,0,081303,IN,1064,2025-01-23T00:00:00
MOV-20250123-0153,0,081803,IN,323,2025-01-23T00:00:00
MOV-20250123-0154,0,091501,IN,268,2025-01-23T00:00:00
MOV-20250123-0155,0,091177,IN,1536,2025-01-23T00:00:00
MOV-20250123-0156,0,473205,IN,516,2025-01-23T00:00:00
MOV-20250123-0157,0,081290,IN,0,2025-01-23T00:00:00
MOV-20250123-0158,0,510086,IN,736,2025-01-23T00:00:00
MOV-20250123-0159,0,081505,IN,0,2025-01-23T00:00:00
MOV-20250123-0160,0,012301,IN,138,2025-01-23T00:00:00
MOV-20250123-0161,0,092901,IN,207,2025-01-23T00:00:00
MOV-20250124-0162,0,124203,IN,1322,2025-01-24T00:00:00
MOV-20250124-0163,0,081147,IN,1671,2025-01-24T00:00:00
MOV-20250124-0164,0,081216,IN,2610,2025-01-24T00:00:00
MOV-20250124-0165,0,031100,IN,956,2025-01-24T00:00:00
MOV-20250124-0166,0,091232,IN,0,2025-01-24T00:00:00
MOV-20250124-0167,0,081000,IN,1088,2025-01-24T00:00:00
MOV-20250124-0168,0,081803,IN,1608,2025-01-24T00:00:00
MOV-20250124-0169,0,091501,IN,2455,2025-01-24T00:00:00
MOV-20250124-0170,0,902081,IN,640,2025-01-24T00:00:00
MOV-20250124-0171,0,091177,IN,144,2025-01-24T00:00:00
MOV-20250124-0172,0,118506,IN,1306,2025-01-24T00:00:00
MOV-20250124-0173,0,06700,IN,675,2025-01-24T00:00:00
MOV-20250124-0174,0,473205,IN,516,2025-01-24T00:00:00
MOV-20250124-0175,0,081910,IN,630,2025-01-24T00:00:00
MOV-20250124-0176,0,936305,IN,0,2025-01-24T00:00:00
MOV-20250124-0177,0,092901,IN,87,2025-01-24T00:00:00
MOV-20250127-0178,0,124203,IN,1845,2025-01-27T00:00:00
MOV-20250127-0179,0,081147,IN,434,2025-01-27T00:00:00
MOV-20250127-0180,0,081216,IN,1044,2025-01-27T00:00:00
MOV-20250127-0181,0,918506,IN,0,2025-01-27T00:00:00
MOV-20250127-0182,0,563404,IN,0,2025-01-27T00:00:00
MOV-20250127-0183,0,081303,IN,0,2025-01-27T00:00:00
MOV-20250127-0184,0,081GJ1,IN,740,2025-01-27T00:00:00
MOV-20250127-0185,0,081000,IN,2624,2025-01-27T00:00:00
MOV-20250127-0186,0,902081,IN,640,2025-01-27T00:00:00
MOV-20250127-0187,0,936205,IN,0,2025-01-27T00:00:00
MOV-20250127-0188,0,118506,IN,666,2025-01-27T00:00:00
MOV-20250127-0189,0,06700,IN,0,2025-01-27T00:00:00
MOV-20250127-0190,0,091503,IN,0,2025-01-27T00:00:00
MOV-20250127-0191,0,510086,IN,78,2025-01-27T00:00:00
MOV-20250127-0192,0,012301,IN,138,2025-01-27T00:00:00
MOV-20250127-0193,0,603475,IN,211,2025-01-27T00:00:00
MOV-20250128-0194,0,124203,IN,1485,2025-01-28T00:00:00
MOV-20250128-0195,0,081147,IN,3038,2025-01-28T00:00:00
MOV-20250128-0196,0,081901,IN,1296,2025-01-28T00:00:00
MOV-20250128-0197,0,081GJ1,IN,346,2025-01-28T00:00:00
MOV-20250128-0198,0,081000,IN,1330,2025-01-28T00:00:00
MOV-20250128-0199,0,902081,IN,640,2025-01-28T00:00:00
MOV-20250128-0200,0,091177,IN,54,2025-01-28T00:00:00
MOV-20250128-0201,0,118506,IN,991,2025-01-28T00:00:00
MOV-20250128-0202,0,06700,IN,1027,2025-01-28T00:00:00
MOV-20250128-0203,0,904802,IN,21,2025-01-28T00:00:00
MOV-20250128-0204,0,510086,IN,282,2025-01-28T00:00:00
MOV-20250128-0205,0,613802,IN,362,2025-01-28T00:00:00
MOV-20250128-0206,0,603475,IN,102,2025-01-28T00:00:00
MOV-20250129-0207,0,124203,IN,1125,2025-01-29T00:00:00
MOV-20250129-0208,0,081147,IN,2604,2025-01-29T00:00:00
MOV-20250129-0209,0,081216,IN,522,2025-01-29T00:00:00
MOV-20250129-0210,0,918506,IN,1350,2025-01-29T00:00:00
MOV-20250129-0211,0,081303,IN,532,2025-01-29T00:00:00
MOV-20250129-0212,0,081803,IN,2257,2025-01-29T00:00:00
MOV-20250129-0213,0,473205,IN,111,2025-01-29T00:00:00
MOV-20250129-0214,0,091135,IN,1922,2025-01-29T00:00:00
MOV-20250129-0215,0,503140,IN,681,2025-01-29T00:00:00
MOV-20250129-0216,0,613802,IN,500,2025-01-29T00:00:00
MOV-20250129-0217,0,012301,IN,184,2025-01-29T00:00:00
MOV-20250129-0218,0,0305,IN,277,2025-01-29T00:00:00
MOV-20250130-0219,0,081147,IN,2294,2025-01-30T00:00:00
MOV-20250130-0220,0,081216,IN,522,2025-01-30T00:00:00
MOV-20250130-0221,0,081901,IN,2160,2025-01-30T00:00:00
MOV-20250130-0222,0,918506,IN,1350,2025-01-30T00:00:00
MOV-20250130-0223,0,081303,IN,532,2025-01-30T00:00:00
MOV-20250130-0224,0,081GJ1,IN,1200,2025-01-30T00:00:00
MOV-20250130-0225,0,902081,IN,320,2025-01-30T00:00:00
MOV-20250130-0226,0,081910,IN,882,2025-01-30T00:00:00
MOV-20250130-0227,0,03304,IN,1200,2025-01-30T00:00:00
MOV-20250130-0228,0,503140,IN,447,2025-01-30T00:00:00
MOV-20250130-0229,0,613802,IN,206,2025-01-30T00:00:00
MOV-20250130-0230,0,429804,IN,858,2025-01-30T00:00:00
MOV-20250130-0231,0,918801,IN,176,2025-01-30T00:00:00
MOV-20250131-0232,0,124203,IN,1890,2025-01-31T00:00:00
MOV-20250131-0233,0,081147,IN,219,2025-01-31T00:00:00
MOV-20250131-0234,0,081216,IN,592,2025-01-31T00:00:00
MOV-20250131-0235,0,081901,IN,2160,2025-01-31T00:00:00
MOV-20250131-0236,0,081303,IN,1064,2025-01-31T00:00:00
MOV-20250131-0237,0,081GJ1,IN,933,2025-01-31T00:00:00
MOV-20250131-0238,0,091232,IN,3792,2025-01-31T00:00:00
MOV-20250131-0239,0,081602,IN,880,2025-01-31T00:00:00
MOV-20250131-0240,0,086503,IN,1984,2025-01-31T00:00:00
MOV-20250131-0241,0,03304,IN,766,2025-01-31T00:00:00
MOV-20250131-0242,0,049390,IN,1163,2025-01-31T00:00:00
MOV-20250131-0243,0,081806,IN,1000,2025-01-31T00:00:00
MOV-20250131-0244,0,042421,IN,667,2025-01-31T00:00:00
MOV-20250131-0245,0,480454,IN,440,2025-01-31T00:00:00
MOV-20250203-0246,0,086503,IN,1014,2025-02-03T00:00:00
MOV-20250203-0247,0,918801,IN,813,2025-02-03T00:00:00
MOV-20250203-0248,0,302244,IN,-5,2025-02-03T00:00:00
MOV-20250204-0249,0,124203,IN,282,2025-02-04T00:00:00
MOV-20250204-0250,0,031100,IN,2680,2025-02-04T00:00:00
MOV-20250204-0251,0,918506,IN,0,2025-02-04T00:00:00
MOV-20250204-0252,0,081303,IN,99,2025-02-04T00:00:00
MOV-20250204-0253,0,081000,IN,0,2025-02-04T00:00:00
MOV-20250204-0254,0,081806,IN,1488,2025-02-04T00:00:00
MOV-20250204-0255,0,081901,IN,537,2025-02-04T00:00:00
MOV-20250204-0256,0,091232,IN,632,2025-02-04T00:00:00
MOV-20250204-0257,0,008091,IN,537,2025-02-04T00:00:00
MOV-20250204-0258,0,480454,IN,440,2025-02-04T00:00:00
MOV-20250204-0259,0,081602,IN,1320,2025-02-04T00:00:00
MOV-20250204-0260,0,429804,IN,246,2025-02-04T00:00:00
MOV-20250204-0261,0,081002,IN,0,2025-02-04T00:00:00
MOV-20250205-0262,0,124203,IN,2340,2025-02-05T00:00:00
MOV-20250205-0263,0,031100,IN,1608,2025-02-05T00:00:00
MOV-20250205-0264,0,081906,IN,864,2025-02-05T00:00:00
MOV-20250205-0265,0,918506,IN,332,2025-02-05T00:00:00
MOV-20250205-0266,0,081303,IN,0,2025-02-05T00:00:00
MOV-20250205-0267,0,081147,IN,0,2025-02-05T00:00:00
MOV-20250205-0268,0,081806,IN,770,2025-02-05T00:00:00
MOV-20250205-0269,0,086503,IN,150,2025-02-05T00:00:00
MOV-20250205-0270,0,091232,IN,2571,2025-02-05T00:00:00
MOV-20250205-0271,0,012301,IN,0,2025-02-05T00:00:00
MOV-20250205-0272,0,008091,IN,1044,2025-02-05T00:00:00
MOV-20250205-0273,0,480454,IN,220,2025-02-05T00:00:00
MOV-20250205-0274,0,603475,IN,0,2025-02-05T00:00:00
MOV-20250205-0275,0,03304,IN,490,2025-02-05T00:00:00
MOV-20250205-0276,0,613802,IN,0,2025-02-05T00:00:00
MOV-20250206-0277,0,124203,IN,1485,2025-02-06T00:00:00
MOV-20250206-0278,0,031100,IN,2144,2025-02-06T00:00:00
MOV-20250206-0279,0,081906,IN,1728,2025-02-06T00:00:00
MOV-20250206-0280,0,081000,IN,0,2025-02-06T00:00:00
MOV-20250206-0281,0,081290,IN,2252,2025-02-06T00:00:00
MOV-20250206-0282,0,081806,IN,992,2025-02-06T00:00:00
MOV-20250206-0283,0,552012,IN,216,2025-02-06T00:00:00
MOV-20250206-0284,0,091232,IN,1264,2025-02-06T00:00:00
MOV-20250206-0285,0,902081,IN,320,2025-02-06T00:00:00
MOV-20250206-0286,0,091177,IN,0,2025-02-06T00:00:00
MOV-20250206-0287,0,480454,IN,22,2025-02-06T00:00:00
MOV-20250206-0288,0,936305,IN,0,2025-02-06T00:00:00
MOV-20250206-0289,0,042421,IN,364,2025-02-06T00:00:00
MOV-20250206-0290,0,613802,IN,217,2025-02-06T00:00:00
MOV-20250206-0291,0,429804,IN,56,2025-02-06T00:00:00
MOV-20250207-0292,0,124203,IN,1620,2025-02-07T00:00:00
MOV-20250207-0293,0,031100,IN,2680,2025-02-07T00:00:00
MOV-20250207-0294,0,081906,IN,1548,2025-02-07T00:00:00
MOV-20250207-0295,0,081290,IN,2475,2025-02-07T00:00:00
MOV-20250207-0296,0,081806,IN,607,2025-02-07T00:00:00
MOV-20250207-0297,0,081GJ1,IN,1824,2025-02-07T00:00:00
MOV-20250207-0298,0,081901,IN,466,2025-02-07T00:00:00
MOV-20250207-0299,0,552012,IN,1980,2025-02-07T00:00:00
MOV-20250207-0300,0,091232,IN,31,2025-02-07T00:00:00
MOV-20250207-0301,0,902081,IN,939,2025-02-07T00:00:00
MOV-20250207-0302,0,008091,IN,781,2025-02-07T00:00:00
MOV-20250207-0303,0,480454,IN,385,2025-02-07T00:00:00
MOV-20250207-0304,0,042421,IN,1387,2025-02-07T00:00:00
MOV-20250207-0305,0,081602,IN,182,2025-02-07T00:00:00
MOV-20250207-0306,0,510086,IN,0,2025-02-07T00:00:00
MOV-20250207-0307,0,473205,IN,0,2025-02-07T00:00:00
MOV-20250210-0308,0,124203,IN,810,2025-02-10T00:00:00
MOV-20250210-0309,0,031100,IN,536,2025-02-10T00:00:00
MOV-20250210-0310,0,081906,IN,475,2025-02-10T00:00:00
MOV-20250210-0311,0,081000,IN,0,2025-02-10T00:00:00
MOV-20250210-0312,0,081290,IN,675,2025-02-10T00:00:00
MOV-20250210-0313,0,081GJ1,IN,77,2025-02-10T00:00:00
MOV-20250210-0314,0,081901,IN,432,2025-02-10T00:00:00
MOV-20250210-0315,0,902081,IN,0,2025-02-10T00:00:00
MOV-20250210-0316,0,480454,IN,33,2025-02-10T00:00:00
MOV-20250210-0317,0,510086,IN,278,2025-02-10T00:00:00
MOV-20250210-0318,0,091135,IN,0,2025-02-10T00:00:00
MOV-20250210-0319,0,473205,IN,0,2025-02-10T00:00:00
MOV-20250211-0320,0,124203,IN,405,2025-02-11T00:00:00
MOV-20250211-0321,0,031100,IN,2144,2025-02-11T00:00:00
MOV-20250211-0322,0,081906,IN,1564,2025-02-11T00:00:00
MOV-20250211-0323,0,081147,IN,0,2025-02-11T00:00:00
MOV-20250211-0324,0,081290,IN,2475,2025-02-11T00:00:00
MOV-20250211-0325,0,081806,IN,772,2025-02-11T00:00:00
MOV-20250211-0326,0,081901,IN,864,2025-02-11T00:00:00
MOV-20250211-0327,0,552012,IN,660,2025-02-11T00:00:00
MOV-20250211-0328,0,902081,IN,0,2025-02-11T00:00:00
MOV-20250211-0329,0,480454,IN,440,2025-02-11T00:00:00
MOV-20250211-0330,0,081910,IN,0,2025-02-11T00:00:00
MOV-20250211-0331,0,510086,IN,0,2025-02-11T00:00:00
MOV-20250212-0332,0,124203,IN,1980,2025-02-12T00:00:00
MOV-20250212-0333,0,031100,IN,137,2025-02-12T00:00:00
MOV-20250212-0334,0,081303,IN,1596,2025-02-12T00:00:00
MOV-20250212-0335,0,081000,IN,1024,2025-02-12T00:00:00
MOV-20250212-0336,0,081290,IN,536,2025-02-12T00:00:00
MOV-20250212-0337,0,081901,IN,1296,2025-02-12T00:00:00
MOV-20250212-0338,0,904802,IN,601,2025-02-12T00:00:00
MOV-20250212-0339,0,510086,IN,458,2025-02-12T00:00:00
MOV-20250212-0340,0,081216,IN,0,2025-02-12T00:00:00
MOV-20250213-0341,0,124203,IN,360,2025-02-13T00:00:00
MOV-20250213-0342,0,081906,IN,432,2025-02-13T00:00:00
MOV-20250213-0343,0,918506,IN,0,2025-02-13T00:00:00
MOV-20250213-0344,0,081000,IN,2176,2025-02-13T00:00:00
MOV-20250213-0345,0,081147,IN,3035,2025-02-13T00:00:00
MOV-20250213-0346,0,081290,IN,0,2025-02-13T00:00:00
MOV-20250213-0347,0,081901,IN,249,2025-02-13T00:00:00
MOV-20250213-0348,0,902081,IN,0,2025-02-13T00:00:00
MOV-20250213-0349,0,904802,IN,302,2025-02-13T00:00:00
MOV-20250213-0350,0,480454,IN,440,2025-02-13T00:00:00
MOV-20250213-0351,0,936305,IN,0,2025-02-13T00:00:00
MOV-20250213-0352,0,081302,IN,1765,2025-02-13T00:00:00
MOV-20250213-0353,0,081910,IN,0,2025-02-13T00:00:00
MOV-20250213-0354,0,510086,IN,632,2025-02-13T00:00:00
MOV-20250213-0355,0,190301,IN,390,2025-02-13T00:00:00
MOV-20250213-0356,0,473205,IN,0,2025-02-13T00:00:00
MOV-20250214-0357,0,124203,IN,1125,2025-02-14T00:00:00
MOV-20250214-0358,0,081906,IN,1296,2025-02-14T00:00:00
MOV-20250214-0359,0,918506,IN,2700,2025-02-14T00:00:00
MOV-20250214-0360,0,081303,IN,0,2025-02-14T00:00:00
MOV-20250214-0361,0,081000,IN,1664,2025-02-14T00:00:00
MOV-20250214-0362,0,081147,IN,3906,2025-02-14T00:00:00
MOV-20250214-0363,0,081806,IN,816,2025-02-14T00:00:00
MOV-20250214-0364,0,081GJ1,IN,0,2025-02-14T00:00:00
MOV-20250214-0365,0,552012,IN,457,2025-02-14T00:00:00
MOV-20250214-0366,0,081103,IN,804,2025-02-14T00:00:00
MOV-20250214-0367,0,902081,IN,640,2025-02-14T00:00:00
MOV-20250214-0368,0,012301,IN,8,2025-02-14T00:00:00
MOV-20250214-0369,0,049390,IN,827,2025-02-14T00:00:00
MOV-20250214-0370,0,936305,IN,1000,2025-02-14T00:00:00
MOV-20250214-0371,0,503140,IN,0,2025-02-14T00:00:00
MOV-20250214-0372,0,042421,IN,0,2025-02-14T00:00:00
MOV-20250214-0373,0,190301,IN,680,2025-02-14T00:00:00
MOV-20250214-0374,0,081902,IN,495,2025-02-14T00:00:00
MOV-20250217-0375,0,124203,IN,810,2025-02-17T00:00:00
MOV-20250217-0376,0,081906,IN,864,2025-02-17T00:00:00
MOV-20250217-0377,0,918506,IN,1502,2025-02-17T00:00:00
MOV-20250217-0378,0,081147,IN,868,2025-02-17T00:00:00
MOV-20250217-0379,0,081290,IN,0,2025-02-17T00:00:00
MOV-20250217-0380,0,081901,IN,0,2025-02-17T00:00:00
MOV-20250217-0381,0,086503,IN,0,2025-02-17T00:00:00
MOV-20250217-0382,0,480454,IN,201,2025-02-17T00:00:00
MOV-20250217-0383,0,081910,IN,0,2025-02-17T00:00:00
MOV-20250217-0384,0,081902,IN,152,2025-02-17T00:00:00
MOV-20250217-0385,0,613802,IN,77,2025-02-17T00:00:00
MOV-20250217-0386,0,429804,IN,0,2025-02-17T00:00:00
MOV-20250218-0387,0,124203,IN,810,2025-02-18T00:00:00
MOV-20250218-0388,0,081906,IN,521,2025-02-18T00:00:00
MOV-20250218-0389,0,081303,IN,1301,2025-02-18T00:00:00
MOV-20250218-0390,0,081000,IN,2304,2025-02-18T00:00:00
MOV-20250218-0391,0,081147,IN,1096,2025-02-18T00:00:00
MOV-20250218-0392,0,081806,IN,768,2025-02-18T00:00:00
MOV-20250218-0393,0,904802,IN,495,2025-02-18T00:00:00
MOV-20250218-0394,0,012301,IN,276,2025-02-18T00:00:00
MOV-20250218-0395,0,480454,IN,19,2025-02-18T00:00:00
MOV-20250218-0396,0,081910,IN,781,2025-02-18T00:00:00
MOV-20250218-0397,0,081902,IN,307,2025-02-18T00:00:00
MOV-20250218-0398,0,613802,IN,189,2025-02-18T00:00:00
MOV-20250219-0399,0,124203,IN,1440,2025-02-19T00:00:00
MOV-20250219-0400,0,031100,IN,3079,2025-02-19T00:00:00
MOV-20250219-0401,0,081906,IN,864,2025-02-19T00:00:00
MOV-20250219-0402,0,918506,IN,2548,2025-02-19T00:00:00
MOV-20250219-0403,0,081000,IN,1088,2025-02-19T00:00:00
MOV-20250219-0404,0,552012,IN,0,2025-02-19T00:00:00
MOV-20250219-0405,0,091232,IN,0,2025-02-19T00:00:00
MOV-20250219-0406,0,081103,IN,828,2025-02-19T00:00:00
MOV-20250219-0407,0,012301,IN,552,2025-02-19T00:00:00
MOV-20250219-0408,0,480454,IN,129,2025-02-19T00:00:00
MOV-20250219-0409,0,936305,IN,250,2025-02-19T00:00:00
MOV-20250219-0410,0,091135,IN,1080,2025-02-19T00:00:00
MOV-20250220-0411,0,124203,IN,1485,2025-02-20T00:00:00
MOV-20250220-0412,0,031100,IN,123,2025-02-20T00:00:00
MOV-20250220-0413,0,081906,IN,864,2025-02-20T00:00:00
MOV-20250220-0414,0,918506,IN,1350,2025-02-20T00:00:00
MOV-20250220-0415,0,081000,IN,1600,2025-02-20T00:00:00
MOV-20250220-0416,0,081806,IN,1157,2025-02-20T00:00:00
MOV-20250220-0417,0,086503,IN,1036,2025-02-20T00:00:00
MOV-20250220-0418,0,902081,IN,320,2025-02-20T00:00:00
MOV-20250220-0419,0,031275,IN,2154,2025-02-20T00:00:00
MOV-20250220-0420,0,904802,IN,458,2025-02-20T00:00:00
MOV-20250220-0421,0,936205,IN,588,2025-02-20T00:00:00
MOV-20250220-0422,0,049390,IN,312,2025-02-20T00:00:00
MOV-20250221-0423,0,124203,IN,1530,2025-02-21T00:00:00
MOV-20250221-0424,0,081906,IN,1296,2025-02-21T00:00:00
MOV-20250221-0425,0,918506,IN,2025,2025-02-21T00:00:00
MOV-20250221-0426,0,081303,IN,2660,2025-02-21T00:00:00
MOV-20250221-0427,0,081000,IN,1088,2025-02-21T00:00:00
MOV-20250221-0428,0,081147,IN,4,2025-02-21T00:00:00
MOV-20250221-0429,0,081GJ1,IN,2432,2025-02-21T00:00:00
MOV-20250221-0430,0,086503,IN,3,2025-02-21T00:00:00
MOV-20250221-0431,0,091232,IN,0,2025-02-21T00:00:00
MOV-20250221-0432,0,081103,IN,593,2025-02-21T00:00:00
MOV-20250221-0433,0,902081,IN,320,2025-02-21T00:00:00
MOV-20250221-0434,0,031275,IN,1066,2025-02-21T00:00:00
MOV-20250221-0435,0,012301,IN,690,2025-02-21T00:00:00
MOV-20250221-0436,0,936205,IN,588,2025-02-21T00:00:00
MOV-20250221-0437,0,049390,IN,117,2025-02-21T00:00:00
MOV-20250221-0438,0,081404,IN,816,2025-02-21T00:00:00
MOV-20250221-0439,0,503140,IN,1192,2025-02-21T00:00:00
MOV-20250224-0440,0,124203,IN,798,2025-02-24T00:00:00
MOV-20250224-0441,0,081906,IN,864,2025-02-24T00:00:00
MOV-20250224-0442,0,918506,IN,1350,2025-02-24T00:00:00
MOV-20250224-0443,0,081303,IN,1596,2025-02-24T00:00:00
MOV-20250224-0444,0,081000,IN,576,2025-02-24T00:00:00
MOV-20250224-0445,0,081GJ1,IN,653,2025-02-24T00:00:00
MOV-20250224-0446,0,902081,IN,320,2025-02-24T00:00:00
MOV-20250224-0447,0,936205,IN,196,2025-02-24T00:00:00
MOV-20250224-0448,0,091135,IN,227,2025-02-24T00:00:00
MOV-20250225-0449,0,124203,IN,360,2025-02-25T00:00:00
MOV-20250225-0450,0,081906,IN,432,2025-02-25T00:00:00
MOV-20250225-0451,0,918506,IN,524,2025-02-25T00:00:00
MOV-20250225-0452,0,081303,IN,2377,2025-02-25T00:00:00
MOV-20250225-0453,0,086503,IN,443,2025-02-25T00:00:00
MOV-20250225-0454,0,902081,IN,452,2025-02-25T00:00:00
MOV-20250225-0455,0,012301,IN,552,2025-02-25T00:00:00
MOV-20250225-0456,0,091177,IN,1200,2025-02-25T00:00:00
MOV-20250225-0457,0,936205,IN,392,2025-02-25T00:00:00
MOV-20250225-0458,0,081803,IN,1072,2025-02-25T00:00:00
MOV-20250225-0459,0,081910,IN,441,2025-02-25T00:00:00
MOV-20250226-0460,0,124203,IN,720,2025-02-26T00:00:00
MOV-20250226-0461,0,031100,IN,0,2025-02-26T00:00:00
MOV-20250226-0462,0,081906,IN,1481,2025-02-26T00:00:00
MOV-20250226-0463,0,081303,IN,1890,2025-02-26T00:00:00
MOV-20250226-0464,0,081147,IN,188,2025-02-26T00:00:00
MOV-20250226-0465,0,081GJ1,IN,675,2025-02-26T00:00:00
MOV-20250226-0466,0,086503,IN,558,2025-02-26T00:00:00
MOV-20250226-0467,0,902081,IN,131,2025-02-26T00:00:00
MOV-20250226-0468,0,904802,IN,495,2025-02-26T00:00:00
MOV-20250226-0469,0,091177,IN,1200,2025-02-26T00:00:00
MOV-20250226-0470,0,936205,IN,370,2025-02-26T00:00:00
MOV-20250226-0471,0,081404,IN,1129,2025-02-26T00:00:00
MOV-20250226-0472,0,503140,IN,615,2025-02-26T00:00:00
MOV-20250226-0473,0,081803,IN,536,2025-02-26T00:00:00
MOV-20250226-0474,0,081910,IN,347,2025-02-26T00:00:00
MOV-20250226-0475,0,603475,IN,898,2025-02-26T00:00:00
MOV-20250226-0476,0,03304,IN,0,2025-02-26T00:00:00
MOV-20250227-0477,0,124203,IN,2205,2025-02-27T00:00:00
MOV-20250227-0478,0,031100,IN,536,2025-02-27T00:00:00
MOV-20250227-0479,0,081906,IN,1543,2025-02-27T00:00:00
MOV-20250227-0480,0,918506,IN,675,2025-02-27T00:00:00
MOV-20250227-0481,0,081303,IN,1041,2025-02-27T00:00:00
MOV-20250227-0482,0,086503,IN,1410,2025-02-27T00:00:00
MOV-20250227-0483,0,081103,IN,1063,2025-02-27T00:00:00
MOV-20250227-0484,0,904802,IN,774,2025-02-27T00:00:00
MOV-20250227-0485,0,012301,IN,414,2025-02-27T00:00:00
MOV-20250227-0486,0,091177,IN,76,2025-02-27T00:00:00
MOV-20250227-0487,0,603475,IN,200,2025-02-27T00:00:00
MOV-20250227-0488,0,936105,IN,0,2025-02-27T00:00:00
MOV-20250228-0489,0,124203,IN,1575,2025-02-28T00:00:00
MOV-20250228-0490,0,031100,IN,2624,2025-02-28T00:00:00
MOV-20250228-0491,0,081906,IN,315,2025-02-28T00:00:00
MOV-20250228-0492,0,081303,IN,10,2025-02-28T00:00:00
MOV-20250228-0493,0,081GJ1,IN,917,2025-02-28T00:00:00
MOV-20250228-0494,0,081901,IN,1296,2025-02-28T00:00:00
MOV-20250228-0495,0,552012,IN,1320,2025-02-28T00:00:00
MOV-20250228-0496,0,081103,IN,828,2025-02-28T00:00:00
MOV-20250228-0497,0,012301,IN,276,2025-02-28T00:00:00
MOV-20250228-0498,0,936205,IN,260,2025-02-28T00:00:00
MOV-20250228-0499,0,049390,IN,1009,2025-02-28T00:00:00
MOV-20250228-0500,0,03800,IN,1896,2025-02-28T00:00:00
MOV-20250228-0501,0,936305,IN,564,2025-02-28T00:00:00
MOV-20250228-0502,0,114282,IN,712,2025-02-28T00:00:00
MOV-20250228-0503,0,0305,IN,203,2025-02-28T00:00:00
MOV-20250228-0504,0,613839,IN,19,2025-02-28T00:00:00
MOV-20250228-0505,0,100346,IN,-1,2025-02-28T00:00:00
MOV-20250303-0506,0,124203,IN,1575,2025-03-03T00:00:00
MOV-20250303-0507,0,918506,IN,1098,2025-03-03T00:00:00
MOV-20250303-0508,0,086503,IN,178,2025-03-03T00:00:00
MOV-20250303-0509,0,552012,IN,1320,2025-03-03T00:00:00
MOV-20250303-0510,0,081803,IN,225,2025-03-03T00:00:00
MOV-20250303-0511,0,091177,IN,608,2025-03-03T00:00:00
MOV-20250303-0512,0,0305,IN,410,2025-03-03T00:00:00
MOV-20250303-0513,0,081303,IN,163,2025-03-03T00:00:00
MOV-20250303-0514,0,081103,IN,643,2025-03-03T00:00:00
MOV-20250303-0515,0,114282,IN,-3,2025-03-03T00:00:00
MOV-20250303-0516,0,936305,IN,242,2025-03-03T00:00:00
MOV-20250303-0517,0,012301,IN,138,2025-03-03T00:00:00
MOV-20250304-0518,0,124203,IN,1935,2025-03-04T00:00:00
MOV-20250304-0519,0,031100,IN,2278,2025-03-04T00:00:00
MOV-20250304-0520,0,918506,IN,0,2025-03-04T00:00:00
MOV-20250304-0521,0,081000,IN,0,2025-03-04T00:00:00
MOV-20250304-0522,0,081901,IN,1728,2025-03-04T00:00:00
MOV-20250304-0523,0,552012,IN,660,2025-03-04T00:00:00
MOV-20250304-0524,0,081806,IN,1059,2025-03-04T00:00:00
MOV-20250304-0525,0,902081,IN,0,2025-03-04T00:00:00
MOV-20250304-0526,0,091177,IN,592,2025-03-04T00:00:00
MOV-20250304-0527,0,081147,IN,0,2025-03-04T00:00:00
MOV-20250304-0528,0,0305,IN,113,2025-03-04T00:00:00
MOV-20250304-0529,0,081910,IN,0,2025-03-04T00:00:00
MOV-20250304-0530,0,081GJ1,IN,0,2025-03-04T00:00:00
MOV-20250304-0531,0,081906,IN,0,2025-03-04T00:00:00
MOV-20250304-0532,0,081303,IN,89,2025-03-04T00:00:00
MOV-20250304-0533,0,936205,IN,0,2025-03-04T00:00:00
MOV-20250304-0534,0,081103,IN,71,2025-03-04T00:00:00
MOV-20250304-0535,0,936305,IN,0,2025-03-04T00:00:00
MOV-20250304-0536,0,012301,IN,0,2025-03-04T00:00:00
MOV-20250304-0537,0,503140,IN,0,2025-03-04T00:00:00
MOV-20250305-0538,0,124203,IN,1132,2025-03-05T00:00:00
MOV-20250305-0539,0,031100,IN,2339,2025-03-05T00:00:00
MOV-20250305-0540,0,918506,IN,675,2025-03-05T00:00:00
MOV-20250305-0541,0,081000,IN,1152,2025-03-05T00:00:00
MOV-20250305-0542,0,081901,IN,1296,2025-03-05T00:00:00
MOV-20250305-0543,0,552012,IN,1980,2025-03-05T00:00:00
MOV-20250305-0544,0,081806,IN,496,2025-03-05T00:00:00
MOV-20250305-0545,0,091177,IN,170,2025-03-05T00:00:00
MOV-20250305-0546,0,0305,IN,344,2025-03-05T00:00:00
MOV-20250305-0547,0,190301,IN,390,2025-03-05T00:00:00
MOV-20250305-0548,0,603475,IN,452,2025-03-05T00:00:00
MOV-20250306-0549,0,124203,IN,3278,2025-03-06T00:00:00
MOV-20250306-0550,0,031100,IN,137,2025-03-06T00:00:00
MOV-20250306-0551,0,918506,IN,1022,2025-03-06T00:00:00
MOV-20250306-0552,0,081000,IN,1728,2025-03-06T00:00:00
MOV-20250306-0553,0,081901,IN,673,2025-03-06T00:00:00
MOV-20250306-0554,0,552012,IN,570,2025-03-06T00:00:00
MOV-20250306-0555,0,081806,IN,496,2025-03-06T00:00:00
MOV-20250306-0556,0,081147,IN,2170,2025-03-06T00:00:00
MOV-20250306-0557,0,081906,IN,432,2025-03-06T00:00:00
MOV-20250306-0558,0,190301,IN,390,2025-03-06T00:00:00
MOV-20250306-0559,0,049390,IN,312,2025-03-06T00:00:00
MOV-20250307-0560,0,124203,IN,1170,2025-03-07T00:00:00
MOV-20250307-0561,0,918506,IN,328,2025-03-07T00:00:00
MOV-20250307-0562,0,081000,IN,405,2025-03-07T00:00:00
MOV-20250307-0563,0,086503,IN,1006,2025-03-07T00:00:00
MOV-20250307-0564,0,081803,IN,2140,2025-03-07T00:00:00
MOV-20250307-0565,0,081147,IN,1643,2025-03-07T00:00:00
MOV-20250307-0566,0,0305,IN,1163,2025-03-07T00:00:00
MOV-20250307-0567,0,118506,IN,666,2025-03-07T00:00:00
MOV-20250307-0568,0,081910,IN,1170,2025-03-07T00:00:00
MOV-20250307-0569,0,081906,IN,864,2025-03-07T00:00:00
MOV-20250307-0570,0,190301,IN,1584,2025-03-07T00:00:00
MOV-20250307-0571,0,028811,IN,1156,2025-03-07T00:00:00
MOV-20250307-0572,0,613802,IN,900,2025-03-07T00:00:00
MOV-20250310-0573,0,124203,IN,1980,2025-03-10T00:00:00
MOV-20250310-0574,0,081803,IN,536,2025-03-10T00:00:00
MOV-20250310-0575,0,081906,IN,432,2025-03-10T00:00:00
MOV-20250310-0576,0,613802,IN,400,2025-03-10T00:00:00
MOV-20250311-0577,0,124203,IN,1530,2025-03-11T00:00:00
MOV-20250311-0578,0,918506,IN,675,2025-03-11T00:00:00
MOV-20250311-0579,0,086503,IN,2173,2025-03-11T00:00:00
MOV-20250311-0580,0,091177,IN,1200,2025-03-11T00:00:00
MOV-20250311-0581,0,118506,IN,666,2025-03-11T00:00:00
MOV-20250311-0582,0,091501,IN,1123,2025-03-11T00:00:00
MOV-20250311-0583,0,03800,IN,0,2025-03-11T00:00:00
MOV-20250311-0584,0,613802,IN,100,2025-03-11T00:00:00
MOV-20250311-0585,0,936205,IN,0,2025-03-11T00:00:00
MOV-20250311-0586,0,480454,IN,786,2025-03-11T00:00:00
MOV-20250311-0587,0,936305,IN,0,2025-03-11T00:00:00
MOV-20250312-0588,0,124203,IN,1530,2025-03-12T00:00:00
MOV-20250312-0589,0,031100,IN,1547,2025-03-12T00:00:00
MOV-20250312-0590,0,918506,IN,2025,2025-03-12T00:00:00
MOV-20250312-0591,0,081000,IN,1088,2025-03-12T00:00:00
MOV-20250312-0592,0,081803,IN,1608,2025-03-12T00:00:00
MOV-20250312-0593,0,091177,IN,1200,2025-03-12T00:00:00
MOV-20250312-0594,0,081147,IN,0,2025-03-12T00:00:00
MOV-20250312-0595,0,118506,IN,804,2025-03-12T00:00:00
MOV-20250312-0596,0,081906,IN,599,2025-03-12T00:00:00
MOV-20250312-0597,0,190301,IN,0,2025-03-12T00:00:00
MOV-20250312-0598,0,904802,IN,0,2025-03-12T00:00:00
MOV-20250312-0599,0,081404,IN,0,2025-03-12T00:00:00
MOV-20250313-0600,0,124203,IN,3015,2025-03-13T00:00:00
MOV-20250313-0601,0,918506,IN,675,2025-03-13T00:00:00
MOV-20250313-0602,0,081000,IN,1088,2025-03-13T00:00:00
MOV-20250313-0603,0,086503,IN,171,2025-03-13T00:00:00
MOV-20250313-0604,0,563404,IN,1332,2025-03-13T00:00:00
MOV-20250313-0605,0,081806,IN,1984,2025-03-13T00:00:00
MOV-20250313-0606,0,081803,IN,410,2025-03-13T00:00:00
MOV-20250313-0607,0,081147,IN,0,2025-03-13T00:00:00
MOV-20250313-0608,0,091501,IN,1521,2025-03-13T00:00:00
MOV-20250313-0609,0,081602,IN,1207,2025-03-13T00:00:00
MOV-20250313-0610,0,510086,IN,368,2025-03-13T00:00:00
MOV-20250313-0611,0,081303,IN,1386,2025-03-13T00:00:00
MOV-20250314-0612,0,124203,IN,2205,2025-03-14T00:00:00
MOV-20250314-0613,0,031100,IN,4607,2025-03-14T00:00:00
MOV-20250314-0614,0,918506,IN,2259,2025-03-14T00:00:00
MOV-20250314-0615,0,086503,IN,0,2025-03-14T00:00:00
MOV-20250314-0616,0,563404,IN,1998,2025-03-14T00:00:00
MOV-20250314-0617,0,081290,IN,1431,2025-03-14T00:00:00
MOV-20250314-0618,0,902081,IN,1195,2025-03-14T00:00:00
MOV-20250314-0619,0,918801,IN,501,2025-03-14T00:00:00
MOV-20250314-0620,0,081910,IN,1278,2025-03-14T00:00:00
MOV-20250314-0621,0,03800,IN,1728,2025-03-14T00:00:00
MOV-20250314-0622,0,081906,IN,0,2025-03-14T00:00:00
MOV-20250314-0623,0,510086,IN,814,2025-03-14T00:00:00
MOV-20250314-0624,0,480454,IN,190,2025-03-14T00:00:00
MOV-20250317-0625,0,124203,IN,1530,2025-03-17T00:00:00
MOV-20250317-0626,0,031100,IN,1984,2025-03-17T00:00:00
MOV-20250317-0627,0,918506,IN,1350,2025-03-17T00:00:00
MOV-20250317-0628,0,081901,IN,0,2025-03-17T00:00:00
MOV-20250317-0629,0,081290,IN,272,2025-03-17T00:00:00
MOV-20250317-0630,0,902081,IN,0,2025-03-17T00:00:00
MOV-20250317-0631,0,031275,IN,1342,2025-03-17T00:00:00
MOV-20250317-0632,0,081803,IN,536,2025-03-17T00:00:00
MOV-20250317-0633,0,081147,IN,0,2025-03-17T00:00:00
MOV-20250317-0634,0,091501,IN,638,2025-03-17T00:00:00
MOV-20250317-0635,0,081602,IN,880,2025-03-17T00:00:00
MOV-20250317-0636,0,510086,IN,36,2025-03-17T00:00:00
MOV-20250317-0637,0,613802,IN,174,2025-03-17T00:00:00
MOV-20250317-0638,0,480454,IN,43,2025-03-17T00:00:00
MOV-20250317-0639,0,081730,IN,0,2025-03-17T00:00:00
MOV-20250318-0640,0,124203,IN,1530,2025-03-18T00:00:00
MOV-20250318-0641,0,031100,IN,2304,2025-03-18T00:00:00
MOV-20250318-0642,0,918506,IN,1350,2025-03-18T00:00:00
MOV-20250318-0643,0,563404,IN,1332,2025-03-18T00:00:00
MOV-20250318-0644,0,902081,IN,574,2025-03-18T00:00:00
MOV-20250318-0645,0,031275,IN,2184,2025-03-18T00:00:00
MOV-20250318-0646,0,081803,IN,395,2025-03-18T00:00:00
MOV-20250318-0647,0,918801,IN,1971,2025-03-18T00:00:00
MOV-20250318-0648,0,081602,IN,447,2025-03-18T00:00:00
MOV-20250318-0649,0,091700,IN,1465,2025-03-18T00:00:00
MOV-20250318-0650,0,613802,IN,200,2025-03-18T00:00:00
MOV-20250319-0651,0,124203,IN,1170,2025-03-19T00:00:00
MOV-20250319-0652,0,031100,IN,2713,2025-03-19T00:00:00
MOV-20250319-0653,0,918506,IN,2025,2025-03-19T00:00:00
MOV-20250319-0654,0,081000,IN,1024,2025-03-19T00:00:00
MOV-20250319-0655,0,563404,IN,1332,2025-03-19T00:00:00
MOV-20250319-0656,0,031275,IN,1638,2025-03-19T00:00:00
MOV-20250319-0657,0,918801,IN,1379,2025-03-19T00:00:00
MOV-20250319-0658,0,03800,IN,729,2025-03-19T00:00:00
MOV-20250319-0659,0,091232,IN,701,2025-03-19T00:00:00
MOV-20250319-0660,0,091700,IN,820,2025-03-19T00:00:00
MOV-20250319-0661,0,613802,IN,14,2025-03-19T00:00:00
MOV-20250319-0662,0,936205,IN,392,2025-03-19T00:00:00
MOV-20250319-0663,0,091135,IN,1058,2025-03-19T00:00:00
MOV-20250319-0664,0,603475,IN,13,2025-03-19T00:00:00
MOV-20250320-0665,0,124203,IN,2340,2025-03-20T00:00:00
MOV-20250320-0666,0,031100,IN,72,2025-03-20T00:00:00
MOV-20250320-0667,0,918506,IN,1350,2025-03-20T00:00:00
MOV-20250320-0668,0,081000,IN,1024,2025-03-20T00:00:00
MOV-20250320-0669,0,086503,IN,1488,2025-03-20T00:00:00
MOV-20250320-0670,0,563404,IN,1332,2025-03-20T00:00:00
MOV-20250320-0671,0,902081,IN,1018,2025-03-20T00:00:00
MOV-20250320-0672,0,031275,IN,731,2025-03-20T00:00:00
MOV-20250320-0673,0,0305,IN,599,2025-03-20T00:00:00
MOV-20250320-0674,0,118506,IN,666,2025-03-20T00:00:00
MOV-20250320-0675,0,03800,IN,462,2025-03-20T00:00:00
MOV-20250320-0676,0,091232,IN,632,2025-03-20T00:00:00
MOV-20250320-0677,0,028811,IN,731,2025-03-20T00:00:00
MOV-20250320-0678,0,936205,IN,588,2025-03-20T00:00:00
MOV-20250320-0679,0,302244,IN,0,2025-03-20T00:00:00
MOV-20250321-0680,0,124203,IN,2250,2025-03-21T00:00:00
MOV-20250321-0681,0,081000,IN,1728,2025-03-21T00:00:00
MOV-20250321-0682,0,086503,IN,1984,2025-03-21T00:00:00
MOV-20250321-0683,0,902081,IN,928,2025-03-21T00:00:00
MOV-20250321-0684,0,031275,IN,307,2025-03-21T00:00:00
MOV-20250321-0685,0,0305,IN,41,2025-03-21T00:00:00
MOV-20250321-0686,0,118506,IN,528,2025-03-21T00:00:00
MOV-20250321-0687,0,081GJ1,IN,2225,2025-03-21T00:00:00
MOV-20250321-0688,0,091232,IN,1025,2025-03-21T00:00:00
MOV-20250321-0689,0,936205,IN,441,2025-03-21T00:00:00
MOV-20250321-0690,0,09400,IN,581,2025-03-21T00:00:00
MOV-20250324-0691,0,124203,IN,3330,2025-03-24T00:00:00
MOV-20250324-0692,0,918506,IN,3375,2025-03-24T00:00:00
MOV-20250324-0693,0,081000,IN,1271,2025-03-24T00:00:00
MOV-20250324-0694,0,563404,IN,396,2025-03-24T00:00:00
MOV-20250324-0695,0,081910,IN,432,2025-03-24T00:00:00
MOV-20250324-0696,0,081602,IN,440,2025-03-24T00:00:00
MOV-20250324-0697,0,081GJ1,IN,716,2025-03-24T00:00:00
MOV-20250324-0698,0,473205,IN,640,2025-03-24T00:00:00
MOV-20250324-0699,0,09400,IN,-32,2025-03-24T00:00:00
MOV-20250325-0700,0,124203,IN,2250,2025-03-25T00:00:00
MOV-20250325-0701,0,031100,IN,0,2025-03-25T00:00:00
MOV-20250325-0702,0,918506,IN,1350,2025-03-25T00:00:00
MOV-20250325-0703,0,081000,IN,393,2025-03-25T00:00:00
MOV-20250325-0704,0,086503,IN,1984,2025-03-25T00:00:00
MOV-20250325-0705,0,081901,IN,864,2025-03-25T00:00:00
MOV-20250325-0706,0,563404,IN,0,2025-03-25T00:00:00
MOV-20250325-0707,0,902081,IN,360,2025-03-25T00:00:00
MOV-20250325-0708,0,0305,IN,405,2025-03-25T00:00:00
MOV-20250325-0709,0,118506,IN,262,2025-03-25T00:00:00
MOV-20250325-0710,0,081910,IN,702,2025-03-25T00:00:00
MOV-20250325-0711,0,081602,IN,120,2025-03-25T00:00:00
MOV-20250325-0712,0,473205,IN,704,2025-03-25T00:00:00
MOV-20250325-0713,0,081303,IN,0,2025-03-25T00:00:00
MOV-20250325-0714,0,613802,IN,-200,2025-03-25T00:00:00
MOV-20250325-0715,0,081902,IN,918,2025-03-25T00:00:00
MOV-20250325-0716,0,302244,IN,-1,2025-03-25T00:00:00
MOV-20250326-0717,0,124203,IN,810,2025-03-26T00:00:00
MOV-20250326-0718,0,918506,IN,1350,2025-03-26T00:00:00
MOV-20250326-0719,0,081000,IN,1728,2025-03-26T00:00:00
MOV-20250326-0720,0,086503,IN,771,2025-03-26T00:00:00
MOV-20250326-0721,0,081901,IN,1296,2025-03-26T00:00:00
MOV-20250326-0722,0,081806,IN,496,2025-03-26T00:00:00
MOV-20250326-0723,0,902081,IN,236,2025-03-26T00:00:00
MOV-20250326-0724,0,918801,IN,1322,2025-03-26T00:00:00
MOV-20250326-0725,0,0305,IN,197,2025-03-26T00:00:00
MOV-20250326-0726,0,510086,IN,368,2025-03-26T00:00:00
MOV-20250326-0727,0,473205,IN,704,2025-03-26T00:00:00
MOV-20250326-0728,0,081902,IN,379,2025-03-26T00:00:00
MOV-20250327-0729,0,124203,IN,765,2025-03-27T00:00:00
MOV-20250327-0730,0,031100,IN,2144,2025-03-27T00:00:00
MOV-20250327-0731,0,918506,IN,425,2025-03-27T00:00:00
MOV-20250327-0732,0,081000,IN,482,2025-03-27T00:00:00
MOV-20250327-0733,0,086503,IN,347,2025-03-27T00:00:00
MOV-20250327-0734,0,081901,IN,1296,2025-03-27T00:00:00
MOV-20250327-0735,0,552012,IN,1320,2025-03-27T00:00:00
MOV-20250327-0736,0,081806,IN,2480,2025-03-27T00:00:00
MOV-20250327-0737,0,081290,IN,1200,2025-03-27T00:00:00
MOV-20250327-0738,0,902081,IN,320,2025-03-27T00:00:00
MOV-20250327-0739,0,918801,IN,0,2025-03-27T00:00:00
MOV-20250327-0740,0,091177,IN,957,2025-03-27T00:00:00
MOV-20250327-0741,0,0305,IN,356,2025-03-27T00:00:00
MOV-20250327-0742,0,081602,IN,0,2025-03-27T00:00:00
MOV-20250327-0743,0,03800,IN,0,2025-03-27T00:00:00
MOV-20250327-0744,0,510086,IN,271,2025-03-27T00:00:00
MOV-20250327-0745,0,700748,IN,715,2025-03-27T00:00:00
MOV-20250327-0746,0,913600,IN,1068,2025-03-27T00:00:00
MOV-20250327-0747,0,091135,IN,0,2025-03-27T00:00:00
MOV-20250328-0748,0,124203,IN,2250,2025-03-28T00:00:00
MOV-20250328-0749,0,031100,IN,4824,2025-03-28T00:00:00
MOV-20250328-0750,0,918506,IN,1350,2025-03-28T00:00:00
MOV-20250328-0751,0,081901,IN,1455,2025-03-28T00:00:00
MOV-20250328-0752,0,552012,IN,1320,2025-03-28T00:00:00
MOV-20250328-0753,0,081806,IN,270,2025-03-28T00:00:00
MOV-20250328-0754,0,081290,IN,2400,2025-03-28T00:00:00
MOV-20250328-0755,0,902081,IN,1540,2025-03-28T00:00:00
MOV-20250328-0756,0,0305,IN,172,2025-03-28T00:00:00
MOV-20250328-0757,0,510086,IN,268,2025-03-28T00:00:00
MOV-20250328-0758,0,904802,IN,495,2025-03-28T00:00:00
MOV-20250328-0759,0,091503,IN,1245,2025-03-28T00:00:00
MOV-20250328-0760,0,114282,IN,473,2025-03-28T00:00:00
MOV-20250331-0761,0,124203,IN,1935,2025-03-31T00:00:00
MOV-20250331-0762,0,918506,IN,675,2025-03-31T00:00:00
MOV-20250331-0763,0,081901,IN,189,2025-03-31T00:00:00
MOV-20250331-0764,0,552012,IN,1320,2025-03-31T00:00:00
MOV-20250331-0765,0,081290,IN,1200,2025-03-31T00:00:00
MOV-20250331-0766,0,902081,IN,320,2025-03-31T00:00:00
MOV-20250331-0767,0,081906,IN,432,2025-03-31T00:00:00
MOV-20250331-0768,0,904802,IN,1485,2025-03-31T00:00:00
MOV-20250331-0769,0,936205,IN,0,2025-03-31T00:00:00
MOV-20250331-0770,0,700748,IN,390,2025-03-31T00:00:00
MOV-20250331-0771,0,936305,IN,0,2025-03-31T00:00:00
MOV-20250401-0772,0,124203,IN,1620,2025-04-01T00:00:00
MOV-20250401-0773,0,031100,IN,1072,2025-04-01T00:00:00
MOV-20250401-0774,0,081906,IN,1728,2025-04-01T00:00:00
MOV-20250401-0775,0,902081,IN,320,2025-04-01T00:00:00
MOV-20250401-0776,0,552012,IN,1320,2025-04-01T00:00:00
MOV-20250401-0777,0,081290,IN,2400,2025-04-01T00:00:00
MOV-20250401-0778,0,094900,IN,1620,2025-04-01T00:00:00
MOV-20250401-0779,0,503140,IN,528,2025-04-01T00:00:00
MOV-20250401-0780,0,100346,IN,70,2025-04-01T00:00:00
MOV-20250401-0781,0,613839,IN,100,2025-04-01T00:00:00
MOV-20250402-0782,0,124203,IN,2430,2025-04-02T00:00:00
MOV-20250402-0783,0,031100,IN,2402,2025-04-02T00:00:00
MOV-20250402-0784,0,081906,IN,864,2025-04-02T00:00:00
MOV-20250402-0785,0,902081,IN,1280,2025-04-02T00:00:00
MOV-20250402-0786,0,552012,IN,1320,2025-04-02T00:00:00
MOV-20250402-0787,0,091177,IN,2016,2025-04-02T00:00:00
MOV-20250402-0788,0,094900,IN,292,2025-04-02T00:00:00
MOV-20250402-0789,0,904802,IN,383,2025-04-02T00:00:00
MOV-20250402-0790,0,700748,IN,325,2025-04-02T00:00:00
MOV-20250402-0791,0,09400,IN,297,2025-04-02T00:00:00
MOV-20250402-0792,0,503140,IN,528,2025-04-02T00:00:00
MOV-20250402-0793,0,936205,IN,452,2025-04-02T00:00:00
MOV-20250403-0794,0,124203,IN,2250,2025-04-03T00:00:00
MOV-20250403-0795,0,081000,IN,2560,2025-04-03T00:00:00
MOV-20250403-0796,0,081906,IN,1728,2025-04-03T00:00:00
MOV-20250403-0797,0,902081,IN,886,2025-04-03T00:00:00
MOV-20250403-0798,0,552012,IN,1320,2025-04-03T00:00:00
MOV-20250403-0799,0,081290,IN,792,2025-04-03T00:00:00
MOV-20250403-0800,0,086503,IN,496,2025-04-03T00:00:00
MOV-20250403-0801,0,480454,IN,645,2025-04-03T00:00:00
MOV-20250403-0802,0,09400,IN,846,2025-04-03T00:00:00
MOV-20250403-0803,0,503140,IN,220,2025-04-03T00:00:00
MOV-20250403-0804,0,091135,IN,990,2025-04-03T00:00:00
MOV-20250403-0805,0,100346,IN,208,2025-04-03T00:00:00
MOV-20250403-0806,0,114282,IN,811,2025-04-03T00:00:00
MOV-20250403-0807,0,818500,IN,378,2025-04-03T00:00:00
MOV-20250403-0808,0,081910,IN,0,2025-04-03T00:00:00
MOV-20250404-0809,0,124203,IN,720,2025-04-04T00:00:00
MOV-20250404-0810,0,081303,IN,0,2025-04-04T00:00:00
MOV-20250404-0811,0,081000,IN,1024,2025-04-04T00:00:00
MOV-20250404-0812,0,081216,IN,0,2025-04-04T00:00:00
MOV-20250404-0813,0,081906,IN,1112,2025-04-04T00:00:00
MOV-20250404-0814,0,031275,IN,0,2025-04-04T00:00:00
MOV-20250404-0815,0,552012,IN,1320,2025-04-04T00:00:00
MOV-20250404-0816,0,918506,IN,0,2025-04-04T00:00:00
MOV-20250404-0817,0,091232,IN,1896,2025-04-04T00:00:00
MOV-20250404-0818,0,086503,IN,2480,2025-04-04T00:00:00
MOV-20250404-0819,0,0305,IN,462,2025-04-04T00:00:00
MOV-20250404-0820,0,480454,IN,0,2025-04-04T00:00:00
MOV-20250404-0821,0,081GJ1,IN,1933,2025-04-04T00:00:00
MOV-20250404-0822,0,03304,IN,600,2025-04-04T00:00:00
MOV-20250404-0823,0,700748,IN,715,2025-04-04T00:00:00
MOV-20250404-0824,0,936205,IN,496,2025-04-04T00:00:00
MOV-20250404-0825,0,613839,IN,200,2025-04-04T00:00:00
MOV-20250404-0826,0,092901,IN,216,2025-04-04T00:00:00
MOV-20250404-0827,0,510086,IN,0,2025-04-04T00:00:00
MOV-20250404-0828,0,918801,IN,10,2025-04-04T00:00:00
MOV-20250404-0829,0,081806,IN,0,2025-04-04T00:00:00
MOV-20250404-0830,0,081910,IN,0,2025-04-04T00:00:00
MOV-20250404-0831,0,091501,IN,0,2025-04-04T00:00:00
MOV-20250404-0832,0,091700,IN,0,2025-04-04T00:00:00
MOV-20250404-0833,0,118506,IN,0,2025-04-04T00:00:00
MOV-20250404-0834,0,603475,IN,0,2025-04-04T00:00:00
MOV-20250404-0835,0,613802,IN,0,2025-04-04T00:00:00
MOV-20250407-0836,0,124203,IN,765,2025-04-07T00:00:00
MOV-20250407-0837,0,031100,IN,0,2025-04-07T00:00:00
MOV-20250407-0838,0,081000,IN,1088,2025-04-07T00:00:00
MOV-20250407-0839,0,031275,IN,0,2025-04-07T00:00:00
MOV-20250407-0840,0,081901,IN,432,2025-04-07T00:00:00
MOV-20250407-0841,0,552012,IN,660,2025-04-07T00:00:00
MOV-20250407-0842,0,918506,IN,0,2025-04-07T00:00:00
MOV-20250407-0843,0,081290,IN,0,2025-04-07T00:00:00
MOV-20250407-0844,0,091232,IN,1264,2025-04-07T00:00:00
MOV-20250407-0845,0,086503,IN,603,2025-04-07T00:00:00
MOV-20250407-0846,0,0305,IN,398,2025-04-07T00:00:00
MOV-20250407-0847,0,480454,IN,316,2025-04-07T00:00:00
MOV-20250407-0848,0,091177,IN,0,2025-04-07T00:00:00
MOV-20250407-0849,0,09400,IN,319,2025-04-07T00:00:00
MOV-20250407-0850,0,613839,IN,300,2025-04-07T00:00:00
MOV-20250407-0851,0,913600,IN,402,2025-04-07T00:00:00
MOV-20250407-0852,0,091503,IN,315,2025-04-07T00:00:00
MOV-20250407-0853,0,510086,IN,84,2025-04-07T00:00:00
MOV-20250408-0854,0,124203,IN,2295,2025-04-08T00:00:00
MOV-20250408-0855,0,081303,IN,1507,2025-04-08T00:00:00
MOV-20250408-0856,0,081906,IN,254,2025-04-08T00:00:00
MOV-20250408-0857,0,081901,IN,1064,2025-04-08T00:00:00
MOV-20250408-0858,0,552012,IN,542,2025-04-08T00:00:00
MOV-20250408-0859,0,918506,IN,311,2025-04-08T00:00:00
MOV-20250408-0860,0,081290,IN,0,2025-04-08T00:00:00
MOV-20250408-0861,0,091232,IN,339,2025-04-08T00:00:00
MOV-20250408-0862,0,081103,IN,1428,2025-04-08T00:00:00
MOV-20250408-0863,0,0305,IN,516,2025-04-08T00:00:00
MOV-20250408-0864,0,480454,IN,326,2025-04-08T00:00:00
MOV-20250408-0865,0,091177,IN,0,2025-04-08T00:00:00
MOV-20250408-0866,0,081GJ1,IN,0,2025-04-08T00:00:00
MOV-20250408-0867,0,700748,IN,666,2025-04-08T00:00:00
MOV-20250408-0868,0,091135,IN,165,2025-04-08T00:00:00
MOV-20250408-0869,0,936205,IN,32,2025-04-08T00:00:00
MOV-20250408-0870,0,613839,IN,195,2025-04-08T00:00:00
MOV-20250409-0871,0,124203,IN,1575,2025-04-09T00:00:00
MOV-20250409-0872,0,081303,IN,3192,2025-04-09T00:00:00
MOV-20250409-0873,0,081000,IN,1536,2025-04-09T00:00:00
MOV-20250409-0874,0,081216,IN,1044,2025-04-09T00:00:00
MOV-20250409-0875,0,081901,IN,864,2025-04-09T00:00:00
MOV-20250409-0876,0,091232,IN,925,2025-04-09T00:00:00
MOV-20250409-0877,0,473205,IN,55,2025-04-09T00:00:00
MOV-20250409-0878,0,0305,IN,344,2025-04-09T00:00:00
MOV-20250409-0879,0,480454,IN,515,2025-04-09T00:00:00
MOV-20250409-0880,0,028811,IN,42,2025-04-09T00:00:00
MOV-20250409-0881,0,081602,IN,1320,2025-04-09T00:00:00
MOV-20250409-0882,0,012301,IN,138,2025-04-09T00:00:00
MOV-20250409-0883,0,011900,IN,576,2025-04-09T00:00:00
MOV-20250409-0884,0,049390,IN,392,2025-04-09T00:00:00
MOV-20250410-0885,0,124203,IN,1935,2025-04-10T00:00:00
MOV-20250410-0886,0,081303,IN,2272,2025-04-10T00:00:00
MOV-20250410-0887,0,081216,IN,1254,2025-04-10T00:00:00
MOV-20250410-0888,0,081901,IN,960,2025-04-10T00:00:00
MOV-20250410-0889,0,081103,IN,1656,2025-04-10T00:00:00
MOV-20250410-0890,0,0305,IN,688,2025-04-10T00:00:00
MOV-20250410-0891,0,028811,IN,541,2025-04-10T00:00:00
MOV-20250410-0892,0,081602,IN,423,2025-04-10T00:00:00
MOV-20250410-0893,0,100346,IN,192,2025-04-10T00:00:00
MOV-20250410-0894,0,012301,IN,276,2025-04-10T00:00:00
MOV-20250410-0895,0,011900,IN,276,2025-04-10T00:00:00
MOV-20250411-0896,0,124203,IN,1980,2025-04-11T00:00:00
MOV-20250411-0897,0,081303,IN,2652,2025-04-11T00:00:00
MOV-20250411-0898,0,081000,IN,0,2025-04-11T00:00:00
MOV-20250411-0899,0,081216,IN,2403,2025-04-11T00:00:00
MOV-20250411-0900,0,902081,IN,1688,2025-04-11T00:00:00
MOV-20250411-0901,0,031275,IN,1638,2025-04-11T00:00:00
MOV-20250411-0902,0,081901,IN,864,2025-04-11T00:00:00
MOV-20250411-0903,0,552012,IN,0,2025-04-11T00:00:00
MOV-20250411-0904,0,918506,IN,1350,2025-04-11T00:00:00
MOV-20250411-0905,0,091232,IN,0,2025-04-11T00:00:00
MOV-20250411-0906,0,081803,IN,536,2025-04-11T00:00:00
MOV-20250411-0907,0,473205,IN,121,2025-04-11T00:00:00
MOV-20250411-0908,0,936305,IN,668,2025-04-11T00:00:00
MOV-20250411-0909,0,086503,IN,0,2025-04-11T00:00:00
MOV-20250411-0910,0,06700,IN,1350,2025-04-11T00:00:00
MOV-20250411-0911,0,028811,IN,218,2025-04-11T00:00:00
MOV-20250411-0912,0,03304,IN,1312,2025-04-11T00:00:00
MOV-20250411-0913,0,081602,IN,0,2025-04-11T00:00:00
MOV-20250411-0914,0,100346,IN,400,2025-04-11T00:00:00
MOV-20250411-0915,0,012301,IN,414,2025-04-11T00:00:00
MOV-20250414-0916,0,124203,IN,1890,2025-04-14T00:00:00
MOV-20250414-0917,0,081216,IN,522,2025-04-14T00:00:00
MOV-20250414-0918,0,081901,IN,981,2025-04-14T00:00:00
MOV-20250414-0919,0,918506,IN,1808,2025-04-14T00:00:00
MOV-20250414-0920,0,081803,IN,1072,2025-04-14T00:00:00
MOV-20250414-0921,0,936305,IN,467,2025-04-14T00:00:00
MOV-20250414-0922,0,03304,IN,20,2025-04-14T00:00:00
MOV-20250414-0923,0,100346,IN,100,2025-04-14T00:00:00
MOV-20250414-0924,0,012301,IN,270,2025-04-14T00:00:00
MOV-20250414-0925,0,011900,IN,190,2025-04-14T00:00:00
MOV-20250415-0926,0,124203,IN,1935,2025-04-15T00:00:00
MOV-20250415-0927,0,081303,IN,206,2025-04-15T00:00:00
MOV-20250415-0928,0,031100,IN,2144,2025-04-15T00:00:00
MOV-20250415-0929,0,081216,IN,344,2025-04-15T00:00:00
MOV-20250415-0930,0,081906,IN,0,2025-04-15T00:00:00
MOV-20250415-0931,0,902081,IN,0,2025-04-15T00:00:00
MOV-20250415-0932,0,031275,IN,1092,2025-04-15T00:00:00
MOV-20250415-0933,0,081901,IN,1296,2025-04-15T00:00:00
MOV-20250415-0934,0,918506,IN,675,2025-04-15T00:00:00
MOV-20250415-0935,0,081803,IN,536,2025-04-15T00:00:00
MOV-20250415-0936,0,473205,IN,176,2025-04-15T00:00:00
MOV-20250415-0937,0,06700,IN,675,2025-04-15T00:00:00
MOV-20250415-0938,0,0305,IN,0,2025-04-15T00:00:00
MOV-20250415-0939,0,081GJ1,IN,0,2025-04-15T00:00:00
MOV-20250415-0940,0,094900,IN,0,2025-04-15T00:00:00
MOV-20250415-0941,0,904802,IN,990,2025-04-15T00:00:00
MOV-20250415-0942,0,09400,IN,0,2025-04-15T00:00:00
MOV-20250415-0943,0,503140,IN,0,2025-04-15T00:00:00
MOV-20250415-0944,0,100346,IN,149,2025-04-15T00:00:00
MOV-20250415-0945,0,510086,IN,0,2025-04-15T00:00:00
MOV-20250416-0946,0,124203,IN,1530,2025-04-16T00:00:00
MOV-20250416-0947,0,081303,IN,0,2025-04-16T00:00:00
MOV-20250416-0948,0,031100,IN,3194,2025-04-16T00:00:00
MOV-20250416-0949,0,081906,IN,0,2025-04-16T00:00:00
MOV-20250416-0950,0,031275,IN,1638,2025-04-16T00:00:00
MOV-20250416-0951,0,081901,IN,864,2025-04-16T00:00:00
MOV-20250416-0952,0,918506,IN,675,2025-04-16T00:00:00
MOV-20250416-0953,0,081290,IN,600,2025-04-16T00:00:00
MOV-20250416-0954,0,081803,IN,1608,2025-04-16T00:00:00
MOV-20250416-0955,0,008091,IN,928,2025-04-16T00:00:00
MOV-20250416-0956,0,473205,IN,880,2025-04-16T00:00:00
MOV-20250416-0957,0,936305,IN,750,2025-04-16T00:00:00
MOV-20250416-0958,0,081103,IN,205,2025-04-16T00:00:00
MOV-20250416-0959,0,028811,IN,179,2025-04-16T00:00:00
MOV-20250416-0960,0,904802,IN,495,2025-04-16T00:00:00
MOV-20250416-0961,0,100346,IN,0,2025-04-16T00:00:00
MOV-20250418-0962,0,031100,IN,536,2025-04-18T00:00:00
MOV-20250418-0963,0,918506,IN,473,2025-04-18T00:00:00
MOV-20250418-0964,0,081290,IN,1200,2025-04-18T00:00:00
MOV-20250418-0965,0,008091,IN,464,2025-04-18T00:00:00
MOV-20250422-0966,0,124203,IN,3150,2025-04-22T00:00:00
MOV-20250422-0967,0,031100,IN,269,2025-04-22T00:00:00
MOV-20250422-0968,0,081906,IN,864,2025-04-22T00:00:00
MOV-20250422-0969,0,081901,IN,205,2025-04-22T00:00:00
MOV-20250422-0970,0,918506,IN,129,2025-04-22T00:00:00
MOV-20250422-0971,0,081290,IN,419,2025-04-22T00:00:00
MOV-20250422-0972,0,081803,IN,154,2025-04-22T00:00:00
MOV-20250422-0973,0,008091,IN,324,2025-04-22T00:00:00
MOV-20250422-0974,0,473205,IN,352,2025-04-22T00:00:00
MOV-20250422-0975,0,936305,IN,248,2025-04-22T00:00:00
MOV-20250422-0976,0,06700,IN,950,2025-04-22T00:00:00
MOV-20250422-0977,0,118302,IN,212,2025-04-22T00:00:00
MOV-20250423-0978,0,124203,IN,2250,2025-04-23T00:00:00
MOV-20250423-0979,0,081303,IN,1064,2025-04-23T00:00:00
MOV-20250423-0980,0,031100,IN,1072,2025-04-23T00:00:00
MOV-20250423-0981,0,081906,IN,432,2025-04-23T00:00:00
MOV-20250423-0982,0,902081,IN,640,2025-04-23T00:00:00
MOV-20250423-0983,0,031275,IN,546,2025-04-23T00:00:00
MOV-20250423-0984,0,081901,IN,0,2025-04-23T00:00:00
MOV-20250423-0985,0,918506,IN,0,2025-04-23T00:00:00
MOV-20250423-0986,0,081290,IN,0,2025-04-23T00:00:00
MOV-20250423-0987,0,008091,IN,928,2025-04-23T00:00:00
MOV-20250423-0988,0,936305,IN,569,2025-04-23T00:00:00
MOV-20250423-0989,0,012301,IN,6,2025-04-23T00:00:00
MOV-20250423-0990,0,011900,IN,0,2025-04-23T00:00:00
MOV-20250423-0991,0,114282,IN,0,2025-04-23T00:00:00
MOV-20250423-0992,0,049390,IN,0,2025-04-23T00:00:00
MOV-20250423-0993,0,818500,IN,0,2025-04-23T00:00:00
MOV-20250423-0994,0,092901,IN,139,2025-04-23T00:00:00
MOV-20250423-0995,0,091503,IN,0,2025-04-23T00:00:00
MOV-20250424-0996,0,124203,IN,1080,2025-04-24T00:00:00
MOV-20250424-0997,0,081303,IN,2761,2025-04-24T00:00:00
MOV-20250424-0998,0,031100,IN,1220,2025-04-24T00:00:00
MOV-20250424-0999,0,081000,IN,2752,2025-04-24T00:00:00
MOV-20250424-1000,0,081216,IN,1044,2025-04-24T00:00:00
MOV-20250424-1001,0,081906,IN,670,2025-04-24T00:00:00
MOV-20250424-1002,0,902081,IN,320,2025-04-24T00:00:00
MOV-20250424-1003,0,031275,IN,1638,2025-04-24T00:00:00
MOV-20250424-1004,0,081901,IN,0,2025-04-24T00:00:00
MOV-20250424-1005,0,008091,IN,249,2025-04-24T00:00:00
MOV-20250424-1006,0,473205,IN,880,2025-04-24T00:00:00
MOV-20250425-1007,0,124203,IN,1530,2025-04-25T00:00:00
MOV-20250425-1008,0,081303,IN,2660,2025-04-25T00:00:00
MOV-20250425-1009,0,031100,IN,216,2025-04-25T00:00:00
MOV-20250425-1010,0,081000,IN,1912,2025-04-25T00:00:00
MOV-20250425-1011,0,081216,IN,1044,2025-04-25T00:00:00
MOV-20250425-1012,0,081906,IN,1314,2025-04-25T00:00:00
MOV-20250425-1013,0,902081,IN,2240,2025-04-25T00:00:00
MOV-20250425-1014,0,031275,IN,1630,2025-04-25T00:00:00
MOV-20250425-1015,0,473205,IN,352,2025-04-25T00:00:00
MOV-20250425-1016,0,936305,IN,859,2025-04-25T00:00:00
MOV-20250425-1017,0,028811,IN,1034,2025-04-25T00:00:00
MOV-20250425-1018,0,190900,IN,1088,2025-04-25T00:00:00
MOV-20250425-1019,0,704388,IN,395,2025-04-25T00:00:00
MOV-20250428-1020,0,124203,IN,1125,2025-04-28T00:00:00
MOV-20250428-1021,0,081303,IN,1596,2025-04-28T00:00:00
MOV-20250428-1022,0,031100,IN,536,2025-04-28T00:00:00
MOV-20250428-1023,0,081000,IN,576,2025-04-28T00:00:00
MOV-20250428-1024,0,081216,IN,1254,2025-04-28T00:00:00
MOV-20250428-1025,0,081906,IN,341,2025-04-28T00:00:00
MOV-20250428-1026,0,902081,IN,320,2025-04-28T00:00:00
MOV-20250428-1027,0,008091,IN,464,2025-04-28T00:00:00
MOV-20250428-1028,0,473205,IN,528,2025-04-28T00:00:00
MOV-20250428-1029,0,613839,IN,0,2025-04-28T00:00:00
MOV-20250428-1030,0,704388,IN,0,2025-04-28T00:00:00
MOV-20250428-1031,0,092901,IN,0,2025-04-28T00:00:00
MOV-20250429-1032,0,124203,IN,1347,2025-04-29T00:00:00
MOV-20250429-1033,0,081303,IN,143,2025-04-29T00:00:00
MOV-20250429-1034,0,031100,IN,2680,2025-04-29T00:00:00
MOV-20250429-1035,0,081000,IN,200,2025-04-29T00:00:00
MOV-20250429-1036,0,081216,IN,1254,2025-04-29T00:00:00
MOV-20250429-1037,0,902081,IN,684,2025-04-29T00:00:00
MOV-20250429-1038,0,081901,IN,0,2025-04-29T00:00:00
MOV-20250429-1039,0,918506,IN,0,2025-04-29T00:00:00
MOV-20250429-1040,0,936305,IN,249,2025-04-29T00:00:00
MOV-20250429-1041,0,563404,IN,270,2025-04-29T00:00:00
MOV-20250429-1042,0,0305,IN,0,2025-04-29T00:00:00
MOV-20250429-1043,0,028811,IN,0,2025-04-29T00:00:00
MOV-20250429-1044,0,704388,IN,0,2025-04-29T00:00:00
MOV-20250430-1045,0,124203,IN,2115,2025-04-30T00:00:00
MOV-20250430-1046,0,081303,IN,486,2025-04-30T00:00:00
MOV-20250430-1047,0,031100,IN,1608,2025-04-30T00:00:00
MOV-20250430-1048,0,081000,IN,994,2025-04-30T00:00:00
MOV-20250430-1049,0,081216,IN,1566,2025-04-30T00:00:00
MOV-20250430-1050,0,081906,IN,0,2025-04-30T00:00:00
MOV-20250430-1051,0,902081,IN,320,2025-04-30T00:00:00
MOV-20250430-1052,0,008091,IN,464,2025-04-30T00:00:00
MOV-20250430-1053,0,473205,IN,476,2025-04-30T00:00:00
MOV-20250430-1054,0,563404,IN,2664,2025-04-30T00:00:00
MOV-20250430-1055,0,0305,IN,251,2025-04-30T00:00:00
MOV-20250430-1056,0,480454,IN,259,2025-04-30T00:00:00
MOV-20250430-1057,0,190301,IN,495,2025-04-30T00:00:00
MOV-20250505-1058,0,031100,IN,860,2025-05-05T00:00:00
MOV-20250505-1059,0,124203,IN,1485,2025-05-05T00:00:00
MOV-20250505-1060,0,081216,IN,522,2025-05-05T00:00:00
MOV-20250505-1061,0,563404,IN,1998,2025-05-05T00:00:00
MOV-20250505-1062,0,081303,IN,52,2025-05-05T00:00:00
MOV-20250505-1063,0,0305,IN,544,2025-05-05T00:00:00
MOV-20250505-1064,0,902081,IN,320,2025-05-05T00:00:00
MOV-20250505-1065,0,510086,IN,481,2025-05-05T00:00:00
MOV-20250506-1066,0,031100,IN,2791,2025-05-06T00:00:00
MOV-20250506-1067,0,124203,IN,1938,2025-05-06T00:00:00
MOV-20250506-1068,0,081000,IN,1120,2025-05-06T00:00:00
MOV-20250506-1069,0,081216,IN,522,2025-05-06T00:00:00
MOV-20250506-1070,0,563404,IN,1998,2025-05-06T00:00:00
MOV-20250506-1071,0,081303,IN,0,2025-05-06T00:00:00
MOV-20250506-1072,0,0305,IN,172,2025-05-06T00:00:00
MOV-20250506-1073,0,081906,IN,312,2025-05-06T00:00:00
MOV-20250506-1074,0,081803,IN,536,2025-05-06T00:00:00
MOV-20250506-1075,0,118506,IN,1979,2025-05-06T00:00:00
MOV-20250506-1076,0,008091,IN,464,2025-05-06T00:00:00
MOV-20250506-1077,0,510086,IN,712,2025-05-06T00:00:00
MOV-20250506-1078,0,028811,IN,0,2025-05-06T00:00:00
MOV-20250506-1079,0,904802,IN,0,2025-05-06T00:00:00
MOV-20250507-1080,0,031100,IN,2679,2025-05-07T00:00:00
MOV-20250507-1081,0,563404,IN,638,2025-05-07T00:00:00
MOV-20250507-1082,0,0305,IN,799,2025-05-07T00:00:00
MOV-20250507-1083,0,081803,IN,536,2025-05-07T00:00:00
MOV-20250507-1084,0,190301,IN,864,2025-05-07T00:00:00
MOV-20250508-1085,0,031100,IN,2730,2025-05-08T00:00:00
MOV-20250508-1086,0,124203,IN,765,2025-05-08T00:00:00
MOV-20250508-1087,0,081103,IN,2412,2025-05-08T00:00:00
MOV-20250508-1088,0,0305,IN,318,2025-05-08T00:00:00
MOV-20250508-1089,0,081906,IN,864,2025-05-08T00:00:00
MOV-20250508-1090,0,081803,IN,1072,2025-05-08T00:00:00
MOV-20250508-1091,0,429804,IN,1403,2025-05-08T00:00:00
MOV-20250508-1092,0,008091,IN,434,2025-05-08T00:00:00
MOV-20250508-1093,0,190301,IN,591,2025-05-08T00:00:00
MOV-20250508-1094,0,091135,IN,540,2025-05-08T00:00:00
MOV-20250508-1095,0,081806,IN,1000,2025-05-08T00:00:00
MOV-20250508-1096,0,936305,IN,621,2025-05-08T00:00:00
MOV-20250509-1097,0,031100,IN,1194,2025-05-09T00:00:00
MOV-20250509-1098,0,081000,IN,2848,2025-05-09T00:00:00
MOV-20250509-1099,0,081216,IN,1566,2025-05-09T00:00:00
MOV-20250509-1100,0,081103,IN,263,2025-05-09T00:00:00
MOV-20250509-1101,0,081901,IN,864,2025-05-09T00:00:00
MOV-20250509-1102,0,918506,IN,2025,2025-05-09T00:00:00
MOV-20250509-1103,0,0305,IN,603,2025-05-09T00:00:00
MOV-20250509-1104,0,081906,IN,1651,2025-05-09T00:00:00
MOV-20250509-1105,0,918801,IN,2628,2025-05-09T00:00:00
MOV-20250509-1106,0,902081,IN,157,2025-05-09T00:00:00
MOV-20250509-1107,0,190301,IN,521,2025-05-09T00:00:00
MOV-20250509-1108,0,081902,IN,459,2025-05-09T00:00:00
MOV-20250509-1109,0,091135,IN,1080,2025-05-09T00:00:00
MOV-20250509-1110,0,936305,IN,374,2025-05-09T00:00:00
MOV-20250509-1111,0,06700,IN,0,2025-05-09T00:00:00
MOV-20250509-1112,0,700748,IN,0,2025-05-09T00:00:00
MOV-20250512-1113,0,124203,IN,405,2025-05-12T00:00:00
MOV-20250512-1114,0,081000,IN,772,2025-05-12T00:00:00
MOV-20250512-1115,0,563404,IN,12,2025-05-12T00:00:00
MOV-20250512-1116,0,081901,IN,432,2025-05-12T00:00:00
MOV-20250512-1117,0,918506,IN,675,2025-05-12T00:00:00
MOV-20250512-1118,0,0305,IN,508,2025-05-12T00:00:00
MOV-20250512-1119,0,081GJ1,IN,1200,2025-05-12T00:00:00
MOV-20250512-1120,0,429804,IN,571,2025-05-12T00:00:00
MOV-20250512-1121,0,613802,IN,0,2025-05-12T00:00:00
MOV-20250512-1122,0,091135,IN,116,2025-05-12T00:00:00
MOV-20250512-1123,0,603475,IN,635,2025-05-12T00:00:00
MOV-20250513-1124,0,031100,IN,3118,2025-05-13T00:00:00
MOV-20250513-1125,0,124203,IN,0,2025-05-13T00:00:00
MOV-20250513-1126,0,081000,IN,576,2025-05-13T00:00:00
MOV-20250513-1127,0,081216,IN,2088,2025-05-13T00:00:00
MOV-20250513-1128,0,563404,IN,0,2025-05-13T00:00:00
MOV-20250513-1129,0,081303,IN,0,2025-05-13T00:00:00
MOV-20250513-1130,0,081901,IN,1296,2025-05-13T00:00:00
MOV-20250513-1131,0,918506,IN,675,2025-05-13T00:00:00
MOV-20250513-1132,0,031275,IN,1092,2025-05-13T00:00:00
MOV-20250513-1133,0,081290,IN,1800,2025-05-13T00:00:00
MOV-20250513-1134,0,0305,IN,433,2025-05-13T00:00:00
MOV-20250513-1135,0,081GJ1,IN,1081,2025-05-13T00:00:00
MOV-20250513-1136,0,918801,IN,1971,2025-05-13T00:00:00
MOV-20250513-1137,0,03304,IN,0,2025-05-13T00:00:00
MOV-20250513-1138,0,473205,IN,0,2025-05-13T00:00:00
MOV-20250513-1139,0,510086,IN,0,2025-05-13T00:00:00
MOV-20250513-1140,0,081902,IN,459,2025-05-13T00:00:00
MOV-20250513-1141,0,613802,IN,23,2025-05-13T00:00:00
MOV-20250513-1142,0,603475,IN,632,2025-05-13T00:00:00
MOV-20250513-1143,0,480454,IN,0,2025-05-13T00:00:00
MOV-20250513-1144,0,081806,IN,0,2025-05-13T00:00:00
MOV-20250514-1145,0,031100,IN,0,2025-05-14T00:00:00
MOV-20250514-1146,0,124203,IN,765,2025-05-14T00:00:00
MOV-20250514-1147,0,081216,IN,1149,2025-05-14T00:00:00
MOV-20250514-1148,0,081303,IN,2659,2025-05-14T00:00:00
MOV-20250514-1149,0,081103,IN,1608,2025-05-14T00:00:00
MOV-20250514-1150,0,086503,IN,495,2025-05-14T00:00:00
MOV-20250514-1151,0,081901,IN,864,2025-05-14T00:00:00
MOV-20250514-1152,0,918506,IN,2112,2025-05-14T00:00:00
MOV-20250514-1153,0,031275,IN,3822,2025-05-14T00:00:00
MOV-20250514-1154,0,081290,IN,2025,2025-05-14T00:00:00
MOV-20250514-1155,0,0305,IN,344,2025-05-14T00:00:00
MOV-20250514-1156,0,429804,IN,32,2025-05-14T00:00:00
MOV-20250514-1157,0,190301,IN,0,2025-05-14T00:00:00
MOV-20250514-1158,0,081902,IN,866,2025-05-14T00:00:00
MOV-20250514-1159,0,603475,IN,0,2025-05-14T00:00:00
MOV-20250514-1160,0,081806,IN,0,2025-05-14T00:00:00
MOV-20250514-1161,0,503140,IN,264,2025-05-14T00:00:00
MOV-20250515-1162,0,124203,IN,1980,2025-05-15T00:00:00
MOV-20250515-1163,0,081000,IN,1152,2025-05-15T00:00:00
MOV-20250515-1164,0,081216,IN,1254,2025-05-15T00:00:00
MOV-20250515-1165,0,081303,IN,202,2025-05-15T00:00:00
MOV-20250515-1166,0,081103,IN,780,2025-05-15T00:00:00
MOV-20250515-1167,0,086503,IN,2895,2025-05-15T00:00:00
MOV-20250515-1168,0,081290,IN,1040,2025-05-15T00:00:00
MOV-20250515-1169,0,0305,IN,410,2025-05-15T00:00:00
MOV-20250515-1170,0,081GJ1,IN,290,2025-05-15T00:00:00
MOV-20250515-1171,0,081906,IN,528,2025-05-15T00:00:00
MOV-20250515-1172,0,613802,IN,200,2025-05-15T00:00:00
MOV-20250515-1173,0,503140,IN,580,2025-05-15T00:00:00
MOV-20250516-1174,0,031100,IN,536,2025-05-16T00:00:00
MOV-20250516-1175,0,124203,IN,765,2025-05-16T00:00:00
MOV-20250516-1176,0,081000,IN,1152,2025-05-16T00:00:00
MOV-20250516-1177,0,081216,IN,627,2025-05-16T00:00:00
MOV-20250516-1178,0,081303,IN,1944,2025-05-16T00:00:00
MOV-20250516-1179,0,081103,IN,54,2025-05-16T00:00:00
MOV-20250516-1180,0,081901,IN,1584,2025-05-16T00:00:00
MOV-20250516-1181,0,081290,IN,0,2025-05-16T00:00:00
MOV-20250516-1182,0,0305,IN,533,2025-05-16T00:00:00
MOV-20250516-1183,0,081GJ1,IN,579,2025-05-16T00:00:00
MOV-20250516-1184,0,091177,IN,1941,2025-05-16T00:00:00
MOV-20250516-1185,0,091232,IN,1350,2025-05-16T00:00:00
MOV-20250516-1186,0,028811,IN,1400,2025-05-16T00:00:00
MOV-20250516-1187,0,613802,IN,100,2025-05-16T00:00:00
MOV-20250516-1188,0,100346,IN,300,2025-05-16T00:00:00
MOV-20250516-1189,0,03501,IN,317,2025-05-16T00:00:00
MOV-20250519-1190,0,031100,IN,3216,2025-05-19T00:00:00
MOV-20250519-1191,0,124203,IN,1620,2025-05-19T00:00:00
MOV-20250519-1192,0,081000,IN,2304,2025-05-19T00:00:00
MOV-20250519-1193,0,081216,IN,640,2025-05-19T00:00:00
MOV-20250519-1194,0,081303,IN,79,2025-05-19T00:00:00
MOV-20250519-1195,0,081901,IN,1314,2025-05-19T00:00:00
MOV-20250519-1196,0,0305,IN,172,2025-05-19T00:00:00
MOV-20250519-1197,0,081GJ1,IN,96,2025-05-19T00:00:00
MOV-20250519-1198,0,081906,IN,528,2025-05-19T00:00:00
MOV-20250519-1199,0,091232,IN,2025,2025-05-19T00:00:00
MOV-20250519-1200,0,429804,IN,151,2025-05-19T00:00:00
MOV-20250519-1201,0,613802,IN,500,2025-05-19T00:00:00
MOV-20250519-1202,0,100346,IN,200,2025-05-19T00:00:00
MOV-20250519-1203,0,008011,IN,888,2025-05-19T00:00:00
MOV-20250519-1204,0,503140,IN,62,2025-05-19T00:00:00
MOV-20250520-1205,0,031100,IN,2616,2025-05-20T00:00:00
MOV-20250520-1206,0,124203,IN,1215,2025-05-20T00:00:00
MOV-20250520-1207,0,081000,IN,1152,2025-05-20T00:00:00
MOV-20250520-1208,0,081216,IN,288,2025-05-20T00:00:00
MOV-20250520-1209,0,081303,IN,0,2025-05-20T00:00:00
MOV-20250520-1210,0,086503,IN,0,2025-05-20T00:00:00
MOV-20250520-1211,0,081901,IN,0,2025-05-20T00:00:00
MOV-20250520-1212,0,918506,IN,0,2025-05-20T00:00:00
MOV-20250520-1213,0,031275,IN,3045,2025-05-20T00:00:00
MOV-20250520-1214,0,552012,IN,1320,2025-05-20T00:00:00
MOV-20250520-1215,0,0305,IN,852,2025-05-20T00:00:00
MOV-20250520-1216,0,081906,IN,1476,2025-05-20T00:00:00
MOV-20250520-1217,0,918801,IN,0,2025-05-20T00:00:00
MOV-20250520-1218,0,081803,IN,216,2025-05-20T00:00:00
MOV-20250520-1219,0,081602,IN,495,2025-05-20T00:00:00
MOV-20250520-1220,0,902081,IN,505,2025-05-20T00:00:00
MOV-20250520-1221,0,613802,IN,936,2025-05-20T00:00:00
MOV-20250520-1222,0,091135,IN,0,2025-05-20T00:00:00
MOV-20250520-1223,0,936305,IN,0,2025-05-20T00:00:00
MOV-20250520-1224,0,503140,IN,0,2025-05-20T00:00:00
MOV-20250520-1225,0,03501,IN,0,2025-05-20T00:00:00
MOV-20250521-1226,0,031100,IN,764,2025-05-21T00:00:00
MOV-20250521-1227,0,124203,IN,2025,2025-05-21T00:00:00
MOV-20250521-1228,0,563404,IN,1332,2025-05-21T00:00:00
MOV-20250521-1229,0,918506,IN,167,2025-05-21T00:00:00
MOV-20250521-1230,0,552012,IN,1980,2025-05-21T00:00:00
MOV-20250521-1231,0,0305,IN,467,2025-05-21T00:00:00
MOV-20250521-1232,0,091177,IN,1314,2025-05-21T00:00:00
MOV-20250521-1233,0,081602,IN,1485,2025-05-21T00:00:00
MOV-20250521-1234,0,902081,IN,1026,2025-05-21T00:00:00
MOV-20250521-1235,0,613802,IN,0,2025-05-21T00:00:00
MOV-20250521-1236,0,100346,IN,400,2025-05-21T00:00:00
MOV-20250521-1237,0,008011,IN,190,2025-05-21T00:00:00
MOV-20250521-1238,0,913600,IN,640,2025-05-21T00:00:00
MOV-20250522-1239,0,031100,IN,1048,2025-05-22T00:00:00
MOV-20250522-1240,0,124203,IN,810,2025-05-22T00:00:00
MOV-20250522-1241,0,081000,IN,1728,2025-05-22T00:00:00
MOV-20250522-1242,0,563404,IN,1998,2025-05-22T00:00:00
MOV-20250522-1243,0,081303,IN,1596,2025-05-22T00:00:00
MOV-20250522-1244,0,086503,IN,-370,2025-05-22T00:00:00
MOV-20250522-1245,0,918506,IN,704,2025-05-22T00:00:00
MOV-20250522-1246,0,552012,IN,1980,2025-05-22T00:00:00
MOV-20250522-1247,0,091177,IN,771,2025-05-22T00:00:00
MOV-20250522-1248,0,03304,IN,0,2025-05-22T00:00:00
MOV-20250522-1249,0,473205,IN,880,2025-05-22T00:00:00
MOV-20250523-1250,0,563404,IN,1332,2025-05-23T00:00:00
MOV-20250523-1251,0,081303,IN,1589,2025-05-23T00:00:00
MOV-20250523-1252,0,081103,IN,871,2025-05-23T00:00:00
MOV-20250523-1253,0,918506,IN,792,2025-05-23T00:00:00
MOV-20250523-1254,0,552012,IN,922,2025-05-23T00:00:00
MOV-20250523-1255,0,03304,IN,1932,2025-05-23T00:00:00
MOV-20250523-1256,0,03800,IN,2046,2025-05-23T00:00:00
MOV-20250523-1257,0,081910,IN,1056,2025-05-23T00:00:00
MOV-20250526-1258,0,031100,IN,472,2025-05-26T00:00:00
MOV-20250526-1259,0,124203,IN,765,2025-05-26T00:00:00
MOV-20250526-1260,0,563404,IN,1332,2025-05-26T00:00:00
MOV-20250526-1261,0,081103,IN,804,2025-05-26T00:00:00
MOV-20250526-1262,0,918506,IN,375,2025-05-26T00:00:00
MOV-20250526-1263,0,552012,IN,241,2025-05-26T00:00:00
MOV-20250526-1264,0,081GJ1,IN,1518,2025-05-26T00:00:00
MOV-20250526-1265,0,03304,IN,600,2025-05-26T00:00:00
MOV-20250526-1266,0,03800,IN,506,2025-05-26T00:00:00
MOV-20250526-1267,0,081602,IN,226,2025-05-26T00:00:00
MOV-20250526-1268,0,902081,IN,95,2025-05-26T00:00:00
MOV-20250526-1269,0,028811,IN,518,2025-05-26T00:00:00
MOV-20250527-1270,0,124203,IN,1125,2025-05-27T00:00:00
MOV-20250527-1271,0,081216,IN,522,2025-05-27T00:00:00
MOV-20250527-1272,0,563404,IN,1332,2025-05-27T00:00:00
MOV-20250527-1273,0,081303,IN,1379,2025-05-27T00:00:00
MOV-20250527-1274,0,081103,IN,2128,2025-05-27T00:00:00
MOV-20250527-1275,0,081GJ1,IN,0,2025-05-27T00:00:00
MOV-20250527-1276,0,081803,IN,1869,2025-05-27T00:00:00
MOV-20250527-1277,0,118506,IN,814,2025-05-27T00:00:00
MOV-20250527-1278,0,473205,IN,176,2025-05-27T00:00:00
MOV-20250527-1279,0,081910,IN,284,2025-05-27T00:00:00
MOV-20250527-1280,0,480454,IN,497,2025-05-27T00:00:00
MOV-20250527-1281,0,100346,IN,210,2025-05-27T00:00:00
MOV-20250528-1282,0,124203,IN,810,2025-05-28T00:00:00
MOV-20250528-1283,0,081000,IN,2240,2025-05-28T00:00:00
MOV-20250528-1284,0,081216,IN,1566,2025-05-28T00:00:00
MOV-20250528-1285,0,563404,IN,826,2025-05-28T00:00:00
MOV-20250528-1286,0,081303,IN,182,2025-05-28T00:00:00
MOV-20250528-1287,0,086503,IN,1674,2025-05-28T00:00:00
MOV-20250528-1288,0,081GJ1,IN,817,2025-05-28T00:00:00
MOV-20250528-1289,0,118506,IN,1152,2025-05-28T00:00:00
MOV-20250528-1290,0,473205,IN,352,2025-05-28T00:00:00
MOV-20250528-1291,0,480454,IN,657,2025-05-28T00:00:00
MOV-20250528-1292,0,913600,IN,159,2025-05-28T00:00:00
MOV-20250529-1293,0,124203,IN,1125,2025-05-29T00:00:00
MOV-20250529-1294,0,081000,IN,3328,2025-05-29T00:00:00
MOV-20250529-1295,0,081216,IN,1044,2025-05-29T00:00:00
MOV-20250529-1296,0,081303,IN,44,2025-05-29T00:00:00
MOV-20250529-1297,0,081103,IN,795,2025-05-29T00:00:00
MOV-20250529-1298,0,086503,IN,2790,2025-05-29T00:00:00
MOV-20250529-1299,0,081901,IN,864,2025-05-29T00:00:00
MOV-20250529-1300,0,091232,IN,632,2025-05-29T00:00:00
MOV-20250529-1301,0,03304,IN,89,2025-05-29T00:00:00
MOV-20250529-1302,0,03800,IN,0,2025-05-29T00:00:00
MOV-20250529-1303,0,473205,IN,176,2025-05-29T00:00:00
MOV-20250529-1304,0,510086,IN,736,2025-05-29T00:00:00
MOV-20250530-1305,0,031100,IN,0,2025-05-30T00:00:00
MOV-20250530-1306,0,124203,IN,1980,2025-05-30T00:00:00
MOV-20250530-1307,0,081000,IN,684,2025-05-30T00:00:00
MOV-20250530-1308,0,081216,IN,2025,2025-05-30T00:00:00
MOV-20250530-1309,0,081303,IN,0,2025-05-30T00:00:00
MOV-20250530-1310,0,086503,IN,2046,2025-05-30T00:00:00
MOV-20250530-1311,0,081901,IN,2160,2025-05-30T00:00:00
MOV-20250530-1312,0,918506,IN,1767,2025-05-30T00:00:00
MOV-20250530-1313,0,081290,IN,1800,2025-05-30T00:00:00
MOV-20250530-1314,0,552012,IN,0,2025-05-30T00:00:00
MOV-20250530-1315,0,081GJ1,IN,0,2025-05-30T00:00:00
MOV-20250530-1316,0,118506,IN,0,2025-05-30T00:00:00
MOV-20250530-1317,0,03304,IN,0,2025-05-30T00:00:00
MOV-20250530-1318,0,473205,IN,880,2025-05-30T00:00:00
MOV-20250530-1319,0,429804,IN,240,2025-05-30T00:00:00
MOV-20250530-1320,0,008091,IN,1392,2025-05-30T00:00:00
MOV-20250530-1321,0,510086,IN,122,2025-05-30T00:00:00
MOV-20250530-1322,0,028811,IN,0,2025-05-30T00:00:00
MOV-20250530-1323,0,081910,IN,0,2025-05-30T00:00:00
MOV-20250530-1324,0,480454,IN,0,2025-05-30T00:00:00
MOV-20250530-1325,0,904802,IN,490,2025-05-30T00:00:00
MOV-20250530-1326,0,011900,IN,288,2025-05-30T00:00:00
MOV-20250602-1327,0,081000,IN,404,2025-06-02T00:00:00
MOV-20250602-1328,0,086503,IN,0,2025-06-02T00:00:00
MOV-20250602-1329,0,081901,IN,864,2025-06-02T00:00:00
MOV-20250602-1330,0,081290,IN,1275,2025-06-02T00:00:00
MOV-20250602-1331,0,124203,IN,405,2025-06-02T00:00:00
MOV-20250602-1332,0,902081,IN,247,2025-06-02T00:00:00
MOV-20250602-1333,0,904802,IN,1010,2025-06-02T00:00:00
MOV-20250602-1334,0,936105,IN,172,2025-06-02T00:00:00
MOV-20250603-1335,0,031100,IN,2680,2025-06-03T00:00:00
MOV-20250603-1336,0,081000,IN,393,2025-06-03T00:00:00
MOV-20250603-1337,0,081901,IN,864,2025-06-03T00:00:00
MOV-20250603-1338,0,081290,IN,1828,2025-06-03T00:00:00
MOV-20250603-1339,0,124203,IN,405,2025-06-03T00:00:00
MOV-20250603-1340,0,918506,IN,208,2025-06-03T00:00:00
MOV-20250603-1341,0,081GJ1,IN,1350,2025-06-03T00:00:00
MOV-20250603-1342,0,091232,IN,1307,2025-06-03T00:00:00
MOV-20250603-1343,0,473205,IN,176,2025-06-03T00:00:00
MOV-20250603-1344,0,0305,IN,344,2025-06-03T00:00:00
MOV-20250603-1345,0,902081,IN,1340,2025-06-03T00:00:00
MOV-20250603-1346,0,936105,IN,172,2025-06-03T00:00:00
MOV-20250603-1347,0,011900,IN,288,2025-06-03T00:00:00
MOV-20250603-1348,0,613802,IN,291,2025-06-03T00:00:00
MOV-20250604-1349,0,031100,IN,1072,2025-06-04T00:00:00
MOV-20250604-1350,0,081000,IN,3439,2025-06-04T00:00:00
MOV-20250604-1351,0,086503,IN,538,2025-06-04T00:00:00
MOV-20250604-1352,0,081901,IN,1287,2025-06-04T00:00:00
MOV-20250604-1353,0,124203,IN,405,2025-06-04T00:00:00
MOV-20250604-1354,0,081GJ1,IN,675,2025-06-04T00:00:00
MOV-20250604-1355,0,0305,IN,1204,2025-06-04T00:00:00
MOV-20250604-1356,0,936105,IN,268,2025-06-04T00:00:00
MOV-20250604-1357,0,011900,IN,576,2025-06-04T00:00:00
MOV-20250604-1358,0,613802,IN,373,2025-06-04T00:00:00
MOV-20250604-1359,0,06700,IN,1584,2025-06-04T00:00:00
MOV-20250605-1360,0,031100,IN,2680,2025-06-05T00:00:00
MOV-20250605-1361,0,081000,IN,1664,2025-06-05T00:00:00
MOV-20250605-1362,0,081906,IN,1728,2025-06-05T00:00:00
MOV-20250605-1363,0,124203,IN,1215,2025-06-05T00:00:00
MOV-20250605-1364,0,081GJ1,IN,404,2025-06-05T00:00:00
MOV-20250605-1365,0,091232,IN,3203,2025-06-05T00:00:00
MOV-20250605-1366,0,0305,IN,344,2025-06-05T00:00:00
MOV-20250605-1367,0,904802,IN,1485,2025-06-05T00:00:00
MOV-20250605-1368,0,936105,IN,420,2025-06-05T00:00:00
MOV-20250605-1369,0,011900,IN,288,2025-06-05T00:00:00
MOV-20250605-1370,0,613802,IN,600,2025-06-05T00:00:00
MOV-20250606-1371,0,031100,IN,4503,2025-06-06T00:00:00
MOV-20250606-1372,0,081000,IN,759,2025-06-06T00:00:00
MOV-20250606-1373,0,563404,IN,0,2025-06-06T00:00:00
MOV-20250606-1374,0,081906,IN,1256,2025-06-06T00:00:00
MOV-20250606-1375,0,081216,IN,961,2025-06-06T00:00:00
MOV-20250606-1376,0,086503,IN,0,2025-06-06T00:00:00
MOV-20250606-1377,0,081290,IN,0,2025-06-06T00:00:00
MOV-20250606-1378,0,124203,IN,405,2025-06-06T00:00:00
MOV-20250606-1379,0,918506,IN,1817,2025-06-06T00:00:00
MOV-20250606-1380,0,091177,IN,0,2025-06-06T00:00:00
MOV-20250606-1381,0,473205,IN,0,2025-06-06T00:00:00
MOV-20250606-1382,0,0305,IN,465,2025-06-06T00:00:00
MOV-20250606-1383,0,902081,IN,0,2025-06-06T00:00:00
MOV-20250606-1384,0,904802,IN,495,2025-06-06T00:00:00
MOV-20250606-1385,0,091503,IN,1968,2025-06-06T00:00:00
MOV-20250606-1386,0,936105,IN,516,2025-06-06T00:00:00
MOV-20250606-1387,0,613802,IN,178,2025-06-06T00:00:00
MOV-20250606-1388,0,06700,IN,0,2025-06-06T00:00:00
MOV-20250606-1389,0,081147,IN,0,2025-06-06T00:00:00
MOV-20250606-1390,0,100346,IN,0,2025-06-06T00:00:00
MOV-20250609-1391,0,031100,IN,273,2025-06-09T00:00:00
MOV-20250609-1392,0,081000,IN,2752,2025-06-09T00:00:00
MOV-20250609-1393,0,124203,IN,405,2025-06-09T00:00:00
MOV-20250609-1394,0,918506,IN,675,2025-06-09T00:00:00
MOV-20250609-1395,0,091177,IN,600,2025-06-09T00:00:00
MOV-20250609-1396,0,091232,IN,221,2025-06-09T00:00:00
MOV-20250609-1397,0,0305,IN,172,2025-06-09T00:00:00
MOV-20250609-1398,0,936105,IN,454,2025-06-09T00:00:00
MOV-20250609-1399,0,480454,IN,323,2025-06-09T00:00:00
MOV-20250610-1400,0,031100,IN,1050,2025-06-10T00:00:00
MOV-20250610-1401,0,081000,IN,1024,2025-06-10T00:00:00
MOV-20250610-1402,0,081906,IN,432,2025-06-10T00:00:00
MOV-20250610-1403,0,081901,IN,0,2025-06-10T00:00:00
MOV-20250610-1404,0,918506,IN,0,2025-06-10T00:00:00
MOV-20250610-1405,0,081GJ1,IN,0,2025-06-10T00:00:00
MOV-20250610-1406,0,091177,IN,2400,2025-06-10T00:00:00
MOV-20250610-1407,0,081803,IN,1608,2025-06-10T00:00:00
MOV-20250610-1408,0,091232,IN,0,2025-06-10T00:00:00
MOV-20250610-1409,0,0305,IN,337,2025-06-10T00:00:00
MOV-20250610-1410,0,918801,IN,1314,2025-06-10T00:00:00
MOV-20250610-1411,0,091503,IN,969,2025-06-10T00:00:00
MOV-20250610-1412,0,936105,IN,62,2025-06-10T00:00:00
MOV-20250610-1413,0,011900,IN,288,2025-06-10T00:00:00
MOV-20250610-1414,0,704389,IN,660,2025-06-10T00:00:00
MOV-20250611-1415,0,081906,IN,864,2025-06-11T00:00:00
MOV-20250611-1416,0,081216,IN,1044,2025-06-11T00:00:00
MOV-20250611-1417,0,086503,IN,992,2025-06-11T00:00:00
MOV-20250611-1418,0,031275,IN,0,2025-06-11T00:00:00
MOV-20250611-1419,0,081290,IN,675,2025-06-11T00:00:00
MOV-20250611-1420,0,124203,IN,405,2025-06-11T00:00:00
MOV-20250611-1421,0,091177,IN,2408,2025-06-11T00:00:00
MOV-20250611-1422,0,081803,IN,536,2025-06-11T00:00:00
MOV-20250611-1423,0,0305,IN,344,2025-06-11T00:00:00
MOV-20250611-1424,0,902081,IN,1600,2025-06-11T00:00:00
MOV-20250611-1425,0,918801,IN,1314,2025-06-11T00:00:00
MOV-20250611-1426,0,011900,IN,288,2025-06-11T00:00:00
MOV-20250612-1427,0,081000,IN,1024,2025-06-12T00:00:00
MOV-20250612-1428,0,081906,IN,1663,2025-06-12T00:00:00
MOV-20250612-1429,0,081216,IN,1044,2025-06-12T00:00:00
MOV-20250612-1430,0,086503,IN,1488,2025-06-12T00:00:00
MOV-20250612-1431,0,081303,IN,1596,2025-06-12T00:00:00
MOV-20250612-1432,0,081290,IN,2152,2025-06-12T00:00:00
MOV-20250612-1433,0,124203,IN,810,2025-06-12T00:00:00
MOV-20250612-1434,0,918506,IN,1271,2025-06-12T00:00:00
MOV-20250612-1435,0,091177,IN,0,2025-06-12T00:00:00
MOV-20250612-1436,0,081803,IN,403,2025-06-12T00:00:00
MOV-20250612-1437,0,0305,IN,0,2025-06-12T00:00:00
MOV-20250612-1438,0,902081,IN,0,2025-06-12T00:00:00
MOV-20250612-1439,0,918801,IN,282,2025-06-12T00:00:00
MOV-20250612-1440,0,936105,IN,344,2025-06-12T00:00:00
MOV-20250612-1441,0,028811,IN,1120,2025-06-12T00:00:00
MOV-20250612-1442,0,190900,IN,396,2025-06-12T00:00:00
MOV-20250612-1443,0,510086,IN,391,2025-06-12T00:00:00
MOV-20250613-1444,0,081000,IN,532,2025-06-13T00:00:00
MOV-20250613-1445,0,081906,IN,1305,2025-06-13T00:00:00
MOV-20250613-1446,0,081216,IN,1787,2025-06-13T00:00:00
MOV-20250613-1447,0,086503,IN,3961,2025-06-13T00:00:00
MOV-20250613-1448,0,081303,IN,2128,2025-06-13T00:00:00
MOV-20250613-1449,0,918506,IN,2600,2025-06-13T00:00:00
MOV-20250613-1450,0,081602,IN,990,2025-06-13T00:00:00
MOV-20250613-1451,0,936105,IN,442,2025-06-13T00:00:00
MOV-20250613-1452,0,081910,IN,947,2025-06-13T00:00:00
MOV-20250613-1453,0,011900,IN,288,2025-06-13T00:00:00
MOV-20250613-1454,0,936305,IN,750,2025-06-13T00:00:00
MOV-20250613-1455,0,028811,IN,872,2025-06-13T00:00:00
MOV-20250613-1456,0,091135,IN,1276,2025-06-13T00:00:00
MOV-20250616-1457,0,031100,IN,161,2025-06-16T00:00:00
MOV-20250616-1458,0,081000,IN,1152,2025-06-16T00:00:00
MOV-20250616-1459,0,563404,IN,0,2025-06-16T00:00:00
MOV-20250616-1460,0,081906,IN,960,2025-06-16T00:00:00
MOV-20250616-1461,0,124203,IN,0,2025-06-16T00:00:00
MOV-20250616-1462,0,918506,IN,792,2025-06-16T00:00:00
MOV-20250616-1463,0,0305,IN,55,2025-06-16T00:00:00
MOV-20250616-1464,0,918801,IN,115,2025-06-16T00:00:00
MOV-20250616-1465,0,936305,IN,500,2025-06-16T00:00:00
MOV-20250616-1466,0,429804,IN,0,2025-06-16T00:00:00
MOV-20250617-1467,0,081000,IN,2304,2025-06-17T00:00:00
MOV-20250617-1468,0,081906,IN,1260,2025-06-17T00:00:00
MOV-20250617-1469,0,081303,IN,2660,2025-06-17T00:00:00
MOV-20250617-1470,0,081103,IN,828,2025-06-17T00:00:00
MOV-20250617-1471,0,936305,IN,250,2025-06-17T00:00:00
MOV-20250617-1472,0,008091,IN,928,2025-06-17T00:00:00
MOV-20250618-1473,0,081000,IN,1024,2025-06-18T00:00:00
MOV-20250618-1474,0,563404,IN,579,2025-06-18T00:00:00
MOV-20250618-1475,0,081906,IN,1296,2025-06-18T00:00:00
MOV-20250618-1476,0,081216,IN,0,2025-06-18T00:00:00
MOV-20250618-1477,0,031275,IN,2730,2025-06-18T00:00:00
MOV-20250618-1478,0,081303,IN,2058,2025-06-18T00:00:00
MOV-20250618-1479,0,081602,IN,169,2025-06-18T00:00:00
MOV-20250618-1480,0,081103,IN,1656,2025-06-18T00:00:00
MOV-20250618-1481,0,936305,IN,414,2025-06-18T00:00:00
MOV-20250618-1482,0,03304,IN,1200,2025-06-18T00:00:00
MOV-20250618-1483,0,008091,IN,464,2025-06-18T00:00:00
MOV-20250619-1484,0,031100,IN,2680,2025-06-19T00:00:00
MOV-20250619-1485,0,563404,IN,753,2025-06-19T00:00:00
MOV-20250619-1486,0,081216,IN,2204,2025-06-19T00:00:00
MOV-20250619-1487,0,081901,IN,432,2025-06-19T00:00:00
MOV-20250619-1488,0,081303,IN,132,2025-06-19T00:00:00
MOV-20250619-1489,0,081290,IN,1200,2025-06-19T00:00:00
MOV-20250619-1490,0,918506,IN,372,2025-06-19T00:00:00
MOV-20250619-1491,0,473205,IN,704,2025-06-19T00:00:00
MOV-20250619-1492,0,081103,IN,393,2025-06-19T00:00:00
MOV-20250619-1493,0,081910,IN,620,2025-06-19T00:00:00
MOV-20250619-1494,0,03304,IN,560,2025-06-19T00:00:00
MOV-20250619-1495,0,008091,IN,118,2025-06-19T00:00:00
MOV-20250619-1496,0,700748,IN,715,2025-06-19T00:00:00
MOV-20250619-1497,0,055105,IN,1027,2025-06-19T00:00:00
MOV-20250620-1498,0,031100,IN,5131,2025-06-20T00:00:00
MOV-20250620-1499,0,563404,IN,1332,2025-06-20T00:00:00
MOV-20250620-1500,0,081216,IN,1425,2025-06-20T00:00:00
MOV-20250620-1501,0,081901,IN,1296,2025-06-20T00:00:00
MOV-20250620-1502,0,031275,IN,1638,2025-06-20T00:00:00
MOV-20250620-1503,0,081290,IN,1126,2025-06-20T00:00:00
MOV-20250620-1504,0,552012,IN,1320,2025-06-20T00:00:00
MOV-20250620-1505,0,473205,IN,844,2025-06-20T00:00:00
MOV-20250620-1506,0,081910,IN,441,2025-06-20T00:00:00
MOV-20250620-1507,0,913600,IN,872,2025-06-20T00:00:00
MOV-20250620-1508,0,818500,IN,494,2025-06-20T00:00:00
MOV-20250623-1509,0,031100,IN,626,2025-06-23T00:00:00
MOV-20250623-1510,0,081000,IN,7,2025-06-23T00:00:00
MOV-20250623-1511,0,563404,IN,1332,2025-06-23T00:00:00
MOV-20250623-1512,0,086503,IN,1488,2025-06-23T00:00:00
MOV-20250623-1513,0,081901,IN,432,2025-06-23T00:00:00
MOV-20250623-1514,0,918506,IN,117,2025-06-23T00:00:00
MOV-20250623-1515,0,552012,IN,660,2025-06-23T00:00:00
MOV-20250623-1516,0,081103,IN,188,2025-06-23T00:00:00
MOV-20250623-1517,0,114282,IN,420,2025-06-23T00:00:00
MOV-20250623-1518,0,613802,IN,145,2025-06-23T00:00:00
MOV-20250623-1519,0,700748,IN,501,2025-06-23T00:00:00
MOV-20250623-1520,0,055105,IN,0,2025-06-23T00:00:00
MOV-20250623-1521,0,913600,IN,0,2025-06-23T00:00:00
MOV-20250624-1522,0,081000,IN,1152,2025-06-24T00:00:00
MOV-20250624-1523,0,563404,IN,1998,2025-06-24T00:00:00
MOV-20250624-1524,0,086503,IN,496,2025-06-24T00:00:00
MOV-20250624-1525,0,081901,IN,1728,2025-06-24T00:00:00
MOV-20250624-1526,0,081303,IN,210,2025-06-24T00:00:00
MOV-20250624-1527,0,124203,IN,405,2025-06-24T00:00:00
MOV-20250624-1528,0,552012,IN,1320,2025-06-24T00:00:00
MOV-20250624-1529,0,473205,IN,704,2025-06-24T00:00:00
MOV-20250624-1530,0,081910,IN,441,2025-06-24T00:00:00
MOV-20250624-1531,0,114282,IN,1584,2025-06-24T00:00:00
MOV-20250624-1532,0,055105,IN,0,2025-06-24T00:00:00
MOV-20250624-1533,0,913600,IN,0,2025-06-24T00:00:00
MOV-20250625-1534,0,081000,IN,2196,2025-06-25T00:00:00
MOV-20250625-1535,0,563404,IN,1998,2025-06-25T00:00:00
MOV-20250625-1536,0,086503,IN,262,2025-06-25T00:00:00
MOV-20250625-1537,0,081901,IN,1584,2025-06-25T00:00:00
MOV-20250625-1538,0,081303,IN,33,2025-06-25T00:00:00
MOV-20250625-1539,0,124203,IN,405,2025-06-25T00:00:00
MOV-20250625-1540,0,552012,IN,757,2025-06-25T00:00:00
MOV-20250625-1541,0,473205,IN,645,2025-06-25T00:00:00
MOV-20250625-1542,0,011900,IN,288,2025-06-25T00:00:00
MOV-20250626-1543,0,031100,IN,1072,2025-06-26T00:00:00
MOV-20250626-1544,0,081000,IN,0,2025-06-26T00:00:00
MOV-20250626-1545,0,563404,IN,1998,2025-06-26T00:00:00
MOV-20250626-1546,0,081906,IN,528,2025-06-26T00:00:00
MOV-20250626-1547,0,081216,IN,0,2025-06-26T00:00:00
MOV-20250626-1548,0,086503,IN,1287,2025-06-26T00:00:00
MOV-20250626-1549,0,081901,IN,857,2025-06-26T00:00:00
MOV-20250626-1550,0,031275,IN,3822,2025-06-26T00:00:00
MOV-20250626-1551,0,081303,IN,0,2025-06-26T00:00:00
MOV-20250626-1552,0,081290,IN,0,2025-06-26T00:00:00
MOV-20250626-1553,0,124203,IN,1197,2025-06-26T00:00:00
MOV-20250626-1554,0,552012,IN,1477,2025-06-26T00:00:00
MOV-20250626-1555,0,473205,IN,516,2025-06-26T00:00:00
MOV-20250626-1556,0,081602,IN,990,2025-06-26T00:00:00
MOV-20250626-1557,0,081910,IN,196,2025-06-26T00:00:00
MOV-20250626-1558,0,03800,IN,665,2025-06-26T00:00:00
MOV-20250627-1559,0,031100,IN,3940,2025-06-27T00:00:00
MOV-20250627-1560,0,081000,IN,0,2025-06-27T00:00:00
MOV-20250627-1561,0,563404,IN,1332,2025-06-27T00:00:00
MOV-20250627-1562,0,081906,IN,1039,2025-06-27T00:00:00
MOV-20250627-1563,0,081216,IN,1254,2025-06-27T00:00:00
MOV-20250627-1564,0,081901,IN,0,2025-06-27T00:00:00
MOV-20250627-1565,0,031275,IN,1915,2025-06-27T00:00:00
MOV-20250627-1566,0,124203,IN,1215,2025-06-27T00:00:00
MOV-20250627-1567,0,552012,IN,1980,2025-06-27T00:00:00
MOV-20250627-1568,0,081GJ1,IN,675,2025-06-27T00:00:00
MOV-20250627-1569,0,081803,IN,603,2025-06-27T00:00:00
MOV-20250627-1570,0,473205,IN,258,2025-06-27T00:00:00
MOV-20250627-1571,0,081602,IN,1440,2025-06-27T00:00:00
MOV-20250627-1572,0,936305,IN,586,2025-06-27T00:00:00
MOV-20250627-1573,0,114282,IN,0,2025-06-27T00:00:00
MOV-20250627-1574,0,190301,IN,1019,2025-06-27T00:00:00
MOV-20250627-1575,0,081505,IN,668,2025-06-27T00:00:00
MOV-20250627-1576,0,936205,IN,578,2025-06-27T00:00:00
MOV-20250630-1577,0,031100,IN,603,2025-06-30T00:00:00
MOV-20250630-1578,0,563404,IN,1998,2025-06-30T00:00:00
MOV-20250630-1579,0,081216,IN,1254,2025-06-30T00:00:00
MOV-20250630-1580,0,081901,IN,1056,2025-06-30T00:00:00
MOV-20250630-1581,0,124203,IN,405,2025-06-30T00:00:00
MOV-20250630-1582,0,081GJ1,IN,2700,2025-06-30T00:00:00
MOV-20250630-1583,0,081803,IN,1737,2025-06-30T00:00:00
MOV-20250630-1584,0,473205,IN,387,2025-06-30T00:00:00
MOV-20250630-1585,0,011900,IN,201,2025-06-30T00:00:00
MOV-20250630-1586,0,190301,IN,-5,2025-06-30T00:00:00
MOV-20250701-1587,0,124203,IN,1215,2025-07-01T00:00:00
MOV-20250701-1588,0,563404,IN,1332,2025-07-01T00:00:00
MOV-20250701-1589,0,081303,IN,0,2025-07-01T00:00:00
MOV-20250701-1590,0,081906,IN,0,2025-07-01T00:00:00
MOV-20250701-1591,0,086503,IN,0,2025-07-01T00:00:00
MOV-20250701-1592,0,081290,IN,0,2025-07-01T00:00:00
MOV-20250701-1593,0,081901,IN,1056,2025-07-01T00:00:00
MOV-20250701-1594,0,031100,IN,2412,2025-07-01T00:00:00
MOV-20250701-1595,0,918506,IN,0,2025-07-01T00:00:00
MOV-20250701-1596,0,081216,IN,627,2025-07-01T00:00:00
MOV-20250701-1597,0,918801,IN,0,2025-07-01T00:00:00
MOV-20250701-1598,0,081000,IN,0,2025-07-01T00:00:00
MOV-20250701-1599,0,081602,IN,0,2025-07-01T00:00:00
MOV-20250701-1600,0,473205,IN,588,2025-07-01T00:00:00
MOV-20250701-1601,0,028811,IN,0,2025-07-01T00:00:00
MOV-20250701-1602,0,552012,IN,1020,2025-07-01T00:00:00
MOV-20250701-1603,0,081GJ1,IN,675,2025-07-01T00:00:00
MOV-20250701-1604,0,081505,IN,544,2025-07-01T00:00:00
MOV-20250701-1605,0,091135,IN,0,2025-07-01T00:00:00
MOV-20250701-1606,0,190301,IN,39,2025-07-01T00:00:00
MOV-20250701-1607,0,06700,IN,0,2025-07-01T00:00:00
MOV-20250701-1608,0,480454,IN,0,2025-07-01T00:00:00
MOV-20250701-1609,0,936105,IN,0,2025-07-01T00:00:00
MOV-20250702-1610,0,124203,IN,810,2025-07-02T00:00:00
MOV-20250702-1611,0,563404,IN,2664,2025-07-02T00:00:00
MOV-20250702-1612,0,081290,IN,2025,2025-07-02T00:00:00
MOV-20250702-1613,0,081901,IN,528,2025-07-02T00:00:00
MOV-20250702-1614,0,031100,IN,3245,2025-07-02T00:00:00
MOV-20250702-1615,0,918506,IN,1095,2025-07-02T00:00:00
MOV-20250702-1616,0,081216,IN,301,2025-07-02T00:00:00
MOV-20250702-1617,0,473205,IN,198,2025-07-02T00:00:00
MOV-20250702-1618,0,394205,IN,440,2025-07-02T00:00:00
MOV-20250702-1619,0,011900,IN,0,2025-07-02T00:00:00
MOV-20250703-1620,0,124203,IN,1218,2025-07-03T00:00:00
MOV-20250703-1621,0,563404,IN,1332,2025-07-03T00:00:00
MOV-20250703-1622,0,081906,IN,1392,2025-07-03T00:00:00
MOV-20250703-1623,0,081290,IN,1350,2025-07-03T00:00:00
MOV-20250703-1624,0,081901,IN,371,2025-07-03T00:00:00
MOV-20250703-1625,0,918506,IN,2376,2025-07-03T00:00:00
MOV-20250703-1626,0,118506,IN,1628,2025-07-03T00:00:00
MOV-20250703-1627,0,473205,IN,352,2025-07-03T00:00:00
MOV-20250703-1628,0,03800,IN,1449,2025-07-03T00:00:00
MOV-20250703-1629,0,936205,IN,0,2025-07-03T00:00:00
MOV-20250703-1630,0,394205,IN,290,2025-07-03T00:00:00
MOV-20250703-1631,0,081505,IN,0,2025-07-03T00:00:00
MOV-20250704-1632,0,124203,IN,1933,2025-07-04T00:00:00
MOV-20250704-1633,0,563404,IN,2664,2025-07-04T00:00:00
MOV-20250704-1634,0,081906,IN,1296,2025-07-04T00:00:00
MOV-20250704-1635,0,086503,IN,1106,2025-07-04T00:00:00
MOV-20250704-1636,0,081290,IN,1035,2025-07-04T00:00:00
MOV-20250704-1637,0,918506,IN,792,2025-07-04T00:00:00
MOV-20250704-1638,0,081216,IN,0,2025-07-04T00:00:00
MOV-20250704-1639,0,008011,IN,1586,2025-07-04T00:00:00
MOV-20250704-1640,0,118506,IN,814,2025-07-04T00:00:00
MOV-20250704-1641,0,473205,IN,704,2025-07-04T00:00:00
MOV-20250704-1642,0,028811,IN,808,2025-07-04T00:00:00
MOV-20250704-1643,0,03304,IN,1034,2025-07-04T00:00:00
MOV-20250704-1644,0,552012,IN,0,2025-07-04T00:00:00
MOV-20250704-1645,0,031275,IN,0,2025-07-04T00:00:00
MOV-20250704-1646,0,704389,IN,-333,2025-07-04T00:00:00
MOV-20250707-1647,0,124203,IN,1161,2025-07-07T00:00:00
MOV-20250707-1648,0,563404,IN,666,2025-07-07T00:00:00
MOV-20250707-1649,0,081906,IN,369,2025-07-07T00:00:00
MOV-20250707-1650,0,081901,IN,432,2025-07-07T00:00:00
MOV-20250707-1651,0,918506,IN,792,2025-07-07T00:00:00
MOV-20250707-1652,0,008011,IN,825,2025-07-07T00:00:00
MOV-20250707-1653,0,118506,IN,247,2025-07-07T00:00:00
MOV-20250707-1654,0,028811,IN,280,2025-07-07T00:00:00
MOV-20250707-1655,0,081GJ1,IN,299,2025-07-07T00:00:00
MOV-20250708-1656,0,124203,IN,810,2025-07-08T00:00:00
MOV-20250708-1657,0,086503,IN,514,2025-07-08T00:00:00
MOV-20250708-1658,0,081901,IN,1116,2025-07-08T00:00:00
MOV-20250708-1659,0,918506,IN,666,2025-07-08T00:00:00
MOV-20250708-1660,0,918801,IN,876,2025-07-08T00:00:00
MOV-20250708-1661,0,081000,IN,576,2025-07-08T00:00:00
MOV-20250708-1662,0,008011,IN,691,2025-07-08T00:00:00
MOV-20250708-1663,0,028811,IN,560,2025-07-08T00:00:00
MOV-20250708-1664,0,091177,IN,600,2025-07-08T00:00:00
MOV-20250709-1665,0,124203,IN,1530,2025-07-09T00:00:00
MOV-20250709-1666,0,563404,IN,1788,2025-07-09T00:00:00
MOV-20250709-1667,0,081303,IN,1596,2025-07-09T00:00:00
MOV-20250709-1668,0,081901,IN,0,2025-07-09T00:00:00
MOV-20250709-1669,0,031100,IN,0,2025-07-09T00:00:00
MOV-20250709-1670,0,081803,IN,1139,2025-07-09T00:00:00
MOV-20250709-1671,0,918801,IN,657,2025-07-09T00:00:00
MOV-20250709-1672,0,473205,IN,129,2025-07-09T00:00:00
MOV-20250709-1673,0,028811,IN,222,2025-07-09T00:00:00
MOV-20250709-1674,0,394205,IN,0,2025-07-09T00:00:00
MOV-20250710-1675,0,124203,IN,810,2025-07-10T00:00:00
MOV-20250710-1676,0,563404,IN,0,2025-07-10T00:00:00
MOV-20250710-1677,0,081303,IN,532,2025-07-10T00:00:00
MOV-20250710-1678,0,081906,IN,0,2025-07-10T00:00:00
MOV-20250710-1679,0,086503,IN,52,2025-07-10T00:00:00
MOV-20250710-1680,0,081901,IN,432,2025-07-10T00:00:00
MOV-20250710-1681,0,902081,IN,960,2025-07-10T00:00:00
MOV-20250710-1682,0,081803,IN,1072,2025-07-10T00:00:00
MOV-20250710-1683,0,918801,IN,1527,2025-07-10T00:00:00
MOV-20250710-1684,0,700748,IN,455,2025-07-10T00:00:00
MOV-20250710-1685,0,008011,IN,0,2025-07-10T00:00:00
MOV-20250710-1686,0,118506,IN,114,2025-07-10T00:00:00
MOV-20250710-1687,0,473205,IN,129,2025-07-10T00:00:00
MOV-20250710-1688,0,190301,IN,0,2025-07-10T00:00:00
MOV-20250711-1689,0,124203,IN,1575,2025-07-11T00:00:00
MOV-20250711-1690,0,081303,IN,3052,2025-07-11T00:00:00
MOV-20250711-1691,0,081906,IN,1296,2025-07-11T00:00:00
MOV-20250711-1692,0,086503,IN,496,2025-07-11T00:00:00
MOV-20250711-1693,0,081901,IN,237,2025-07-11T00:00:00
MOV-20250711-1694,0,031100,IN,145,2025-07-11T00:00:00
MOV-20250711-1695,0,081216,IN,1044,2025-07-11T00:00:00
MOV-20250711-1696,0,902081,IN,640,2025-07-11T00:00:00
MOV-20250711-1697,0,081803,IN,1010,2025-07-11T00:00:00
MOV-20250711-1698,0,700748,IN,429,2025-07-11T00:00:00
MOV-20250711-1699,0,613802,IN,300,2025-07-11T00:00:00
MOV-20250711-1700,0,190900,IN,730,2025-07-11T00:00:00
MOV-20250711-1701,0,603475,IN,400,2025-07-11T00:00:00
MOV-20250714-1702,0,124203,IN,1215,2025-07-14T00:00:00
MOV-20250714-1703,0,081303,IN,1064,2025-07-14T00:00:00
MOV-20250714-1704,0,081906,IN,432,2025-07-14T00:00:00
MOV-20250714-1705,0,081290,IN,1200,2025-07-14T00:00:00
MOV-20250714-1706,0,081216,IN,1044,2025-07-14T00:00:00
MOV-20250714-1707,0,902081,IN,640,2025-07-14T00:00:00
MOV-20250714-1708,0,081803,IN,62,2025-07-14T00:00:00
MOV-20250714-1709,0,190900,IN,204,2025-07-14T00:00:00
MOV-20250715-1710,0,124203,IN,810,2025-07-15T00:00:00
MOV-20250715-1711,0,081303,IN,1064,2025-07-15T00:00:00
MOV-20250715-1712,0,081906,IN,763,2025-07-15T00:00:00
MOV-20250715-1713,0,086503,IN,1984,2025-07-15T00:00:00
MOV-20250715-1714,0,081290,IN,1200,2025-07-15T00:00:00
MOV-20250715-1715,0,081901,IN,556,2025-07-15T00:00:00
MOV-20250715-1716,0,918506,IN,12,2025-07-15T00:00:00
MOV-20250715-1717,0,081216,IN,522,2025-07-15T00:00:00
MOV-20250715-1718,0,081803,IN,133,2025-07-15T00:00:00
MOV-20250715-1719,0,700748,IN,715,2025-07-15T00:00:00
MOV-20250715-1720,0,613802,IN,600,2025-07-15T00:00:00
MOV-20250715-1721,0,118506,IN,122,2025-07-15T00:00:00
MOV-20250715-1722,0,936205,IN,392,2025-07-15T00:00:00
MOV-20250715-1723,0,603475,IN,149,2025-07-15T00:00:00
MOV-20250716-1724,0,124203,IN,765,2025-07-16T00:00:00
MOV-20250716-1725,0,081303,IN,1062,2025-07-16T00:00:00
MOV-20250716-1726,0,081906,IN,864,2025-07-16T00:00:00
MOV-20250716-1727,0,086503,IN,495,2025-07-16T00:00:00
MOV-20250716-1728,0,081290,IN,675,2025-07-16T00:00:00
MOV-20250716-1729,0,081216,IN,1044,2025-07-16T00:00:00
MOV-20250716-1730,0,081806,IN,496,2025-07-16T00:00:00
MOV-20250716-1731,0,613802,IN,92,2025-07-16T00:00:00
MOV-20250716-1732,0,936205,IN,0,2025-07-16T00:00:00
MOV-20250716-1733,0,911100,IN,60,2025-07-16T00:00:00
MOV-20250717-1734,0,124203,IN,1125,2025-07-17T00:00:00
MOV-20250717-1735,0,081303,IN,1596,2025-07-17T00:00:00
MOV-20250717-1736,0,081906,IN,432,2025-07-17T00:00:00
MOV-20250717-1737,0,086503,IN,998,2025-07-17T00:00:00
MOV-20250717-1738,0,081290,IN,1198,2025-07-17T00:00:00
MOV-20250717-1739,0,081216,IN,522,2025-07-17T00:00:00
MOV-20250717-1740,0,902081,IN,1280,2025-07-17T00:00:00
MOV-20250717-1741,0,081806,IN,496,2025-07-17T00:00:00
MOV-20250717-1742,0,700748,IN,715,2025-07-17T00:00:00
MOV-20250717-1743,0,613802,IN,700,2025-07-17T00:00:00
MOV-20250717-1744,0,936205,IN,0,2025-07-17T00:00:00
MOV-20250717-1745,0,603475,IN,0,2025-07-17T00:00:00
MOV-20250718-1746,0,124203,IN,1620,2025-07-18T00:00:00
MOV-20250718-1747,0,081906,IN,864,2025-07-18T00:00:00
MOV-20250718-1748,0,086503,IN,494,2025-07-18T00:00:00
MOV-20250718-1749,0,081901,IN,864,2025-07-18T00:00:00
MOV-20250718-1750,0,081803,IN,1072,2025-07-18T00:00:00
MOV-20250718-1751,0,081806,IN,1488,2025-07-18T00:00:00
MOV-20250718-1752,0,700748,IN,715,2025-07-18T00:00:00
MOV-20250718-1753,0,613802,IN,1000,2025-07-18T00:00:00
MOV-20250718-1754,0,936205,IN,196,2025-07-18T00:00:00
MOV-20250718-1755,0,911100,IN,304,2025-07-18T00:00:00
MOV-20250728-1756,0,124203,IN,1080,2025-07-28T00:00:00
MOV-20250728-1757,0,081906,IN,864,2025-07-28T00:00:00
MOV-20250728-1758,0,086503,IN,491,2025-07-28T00:00:00
MOV-20250728-1759,0,081901,IN,432,2025-07-28T00:00:00
MOV-20250728-1760,0,902081,IN,320,2025-07-28T00:00:00
MOV-20250728-1761,0,081803,IN,536,2025-07-28T00:00:00
MOV-20250728-1762,0,081806,IN,1488,2025-07-28T00:00:00
MOV-20250728-1763,0,613802,IN,300,2025-07-28T00:00:00
MOV-20250728-1764,0,118506,IN,0,2025-07-28T00:00:00
MOV-20250728-1765,0,936205,IN,196,2025-07-28T00:00:00
MOV-20250728-1766,0,100346,IN,100,2025-07-28T00:00:00
MOV-20250729-1767,0,124203,IN,1080,2025-07-29T00:00:00
MOV-20250729-1768,0,081906,IN,864,2025-07-29T00:00:00
MOV-20250729-1769,0,086503,IN,1981,2025-07-29T00:00:00
MOV-20250729-1770,0,902081,IN,960,2025-07-29T00:00:00
MOV-20250729-1771,0,081803,IN,0,2025-07-29T00:00:00
MOV-20250729-1772,0,918801,IN,655,2025-07-29T00:00:00
MOV-20250729-1773,0,700748,IN,715,2025-07-29T00:00:00
MOV-20250729-1774,0,081000,IN,1608,2025-07-29T00:00:00
MOV-20250729-1775,0,613802,IN,200,2025-07-29T00:00:00
MOV-20250729-1776,0,081602,IN,1320,2025-07-29T00:00:00
MOV-20250729-1777,0,936205,IN,392,2025-07-29T00:00:00
MOV-20250729-1778,0,100346,IN,300,2025-07-29T00:00:00
MOV-20250730-1779,0,124203,IN,1080,2025-07-30T00:00:00
MOV-20250730-1780,0,081303,IN,423,2025-07-30T00:00:00
MOV-20250730-1781,0,081906,IN,771,2025-07-30T00:00:00
MOV-20250730-1782,0,086503,IN,1485,2025-07-30T00:00:00
MOV-20250730-1783,0,918506,IN,0,2025-07-30T00:00:00
MOV-20250730-1784,0,081216,IN,384,2025-07-30T00:00:00
MOV-20250730-1785,0,902081,IN,229,2025-07-30T00:00:00
MOV-20250730-1786,0,918801,IN,656,2025-07-30T00:00:00
MOV-20250730-1787,0,081000,IN,1452,2025-07-30T00:00:00
MOV-20250730-1788,0,613802,IN,300,2025-07-30T00:00:00
MOV-20250730-1789,0,081602,IN,1320,2025-07-30T00:00:00
MOV-20250730-1790,0,091232,IN,1264,2025-07-30T00:00:00
MOV-20250730-1791,0,190900,IN,0,2025-07-30T00:00:00
MOV-20250730-1792,0,091135,IN,540,2025-07-30T00:00:00
MOV-20250730-1793,0,100346,IN,42,2025-07-30T00:00:00
MOV-20250730-1794,0,081103,IN,-390,2025-07-30T00:00:00
